fold,user_id,n_u,aff_pct_u,segment
0,1,218,49.94697773064687,regular
0,2,51,65.7476139978791,regular
0,3,48,17.28525980911983,regular
0,4,20,35.949098621421,new
0,5,152,27.1474019088017,regular
0,6,182,83.98727465535525,trend
0,7,339,43.584305408271476,regular
0,8,50,75.2916224814422,regular
0,9,18,76.13997879109226,new
0,10,147,76.7762460233298,regular
0,11,158,43.79639448568399,regular
0,12,44,91.62248144220572,trend
0,13,530,27.995758218451748,regular
0,14,84,87.27465535524921,trend
0,15,91,14.316012725344645,regular
0,16,116,76.033934252386,regular
0,17,25,44.114528101802755,regular
0,18,239,68.61081654294804,regular
0,19,18,58.64262990455992,new
0,20,43,57.79427359490986,regular
0,21,150,9.544008483563097,regular
0,22,113,25.344644750795336,regular
0,23,132,65.95970307529161,regular
0,24,60,79.2152704135737,regular
0,25,69,85.68398727465537,trend
0,26,88,15.270413573700955,regular
0,27,20,33.29798515376458,new
0,28,70,58.32449628844114,regular
0,29,30,31.495227995758217,regular
0,30,37,36.90349946977731,regular
0,31,32,54.18875927889714,regular
0,32,35,60.021208907741254,regular
0,33,20,0.6362672322375398,new
0,34,17,1.0604453870625663,new
0,35,21,1.2725344644750796,new
0,36,16,6.256627783669141,new
0,37,49,55.24920466595971,regular
0,38,106,13.361611876988336,regular
0,39,19,85.36585365853658,new
0,40,31,36.691410392364794,regular
0,41,42,97.66702014846236,trend
0,42,158,41.03923647932132,regular
0,43,192,45.81124072110286,regular
0,44,130,70.09544008483563,regular
0,45,43,26.08695652173913,regular
0,46,22,90.13785790031812,new
0,47,22,13.57370095440085,new
0,48,57,93.53128313891834,trend
0,49,185,26.4050901378579,regular
0,50,21,31.70731707317073,new
0,51,18,99.57582184517497,new
0,52,49,55.143160127253445,regular
0,53,23,84.30540827147401,trend
0,54,56,41.569459172852596,regular
0,55,18,88.12301166489925,new
0,56,164,30.646871686108167,regular
0,57,91,28.207847295864262,regular
0,58,126,83.45705196182396,trend
0,59,330,51.007423117709436,regular
0,60,180,70.94379639448569,regular
0,61,18,1.166489925768823,new
0,62,192,56.83987274655355,regular
0,63,77,31.38918345705196,regular
0,64,170,65.32343584305409,regular
0,65,68,77.30646871686108,regular
0,66,31,56.52173913043478,regular
0,67,26,8.48356309650053,regular
0,68,30,59.38494167550371,regular
0,69,55,80.27571580063628,regular
0,70,114,50.68928950159067,regular
0,71,33,95.1219512195122,trend
0,72,112,75.18557794273595,regular
0,73,58,86.53234358430541,trend
0,74,31,28.950159066808055,regular
0,75,69,8.16542948038176,regular
0,76,69,69.35312831389183,regular
0,77,62,93.6373276776246,trend
0,78,16,1.6967126193001063,new
0,79,49,65.5355249204666,regular
0,80,25,91.41039236479321,trend
0,81,52,31.071049840933192,regular
0,82,148,60.127253446447504,regular
0,83,130,12.089077412513255,regular
0,84,59,38.812301166489924,regular
0,85,253,60.76352067868505,regular
0,86,18,4.135737009544008,new
0,87,182,26.82926829268293,regular
0,88,17,66.17179215270413,new
0,89,65,50.159066808059386,regular
0,90,245,68.82290562036056,regular
0,91,86,86.95652173913044,trend
0,92,328,19.406150583244962,regular
0,93,17,6.574761399787911,new
0,94,349,35.31283138918346,regular
0,95,233,42.3117709437964,regular
0,96,46,99.0455991516437,trend
0,97,53,96.71261930010604,trend
0,98,24,27.041357370095444,regular
0,99,115,33.93425238600212,regular
0,100,44,40.93319194061506,regular
0,101,56,10.180275715800637,regular
0,102,183,29.16224814422057,regular
0,103,25,87.0625662778367,trend
0,104,99,26.723223753976672,regular
0,105,20,47.1898197242842,new
0,106,54,76.56415694591729,regular
0,107,18,10.604453870625663,new
0,108,29,44.432661717921526,regular
0,109,201,24.17815482502651,regular
0,110,107,16.436903499469775,regular
0,111,21,47.932131495228,new
0,112,35,33.828207847295864,regular
0,113,43,27.571580063626723,regular
0,114,42,97.13679745493107,trend
0,115,79,81.44220572640509,regular
0,116,111,30.54082714740191,regular
0,117,76,46.129374337221634,regular
0,118,61,80.38176033934252,regular
0,119,143,44.75079533404029,regular
0,120,23,43.90243902439025,regular
0,121,66,83.03287380699894,trend
0,122,49,59.597030752916226,regular
0,123,46,93.10710498409331,trend
0,124,20,97.24284199363733,new
0,125,160,49.41675503711559,regular
0,126,36,30.22269353128314,regular
0,127,20,28.738069989395548,new
0,128,157,55.037115588547195,regular
0,129,25,56.9459172852598,regular
0,130,286,21.73913043478261,regular
0,131,25,92.04665959703075,trend
0,132,19,92.25874867444327,new
0,133,23,31.283138918345703,regular
0,134,22,15.37645811240721,new
0,135,47,30.010604453870627,regular
0,136,30,83.13891834570519,trend
0,137,38,47.82608695652174,regular
0,138,42,92.6829268292683,trend
0,139,18,86.10816542948038,new
0,140,18,9.225874867444327,new
0,141,95,10.498409331919406,regular
0,142,27,66.70201484623541,regular
0,143,18,10.286320254506894,new
0,144,178,68.50477200424177,regular
0,145,273,17.709437963944858,regular
0,146,21,54.612937433722166,new
0,147,17,46.553552492046656,new
0,148,53,90.98621420996818,trend
0,149,31,29.48038176033934,regular
0,150,25,70.73170731707317,regular
0,151,264,59.27889713679746,regular
0,152,85,26.193001060445386,regular
0,153,20,99.15164369034994,new
0,154,42,96.28844114528103,trend
0,155,18,0.3181336161187699,new
0,156,32,93.84941675503711,trend
0,157,43,61.50583244962884,regular
0,158,150,45.06892895015906,regular
0,159,94,3.923647932131495,regular
0,160,103,67.86850477200424,regular
0,161,47,93.00106044538707,trend
0,162,34,55.885471898197245,regular
0,163,19,89.92576882290561,new
0,164,50,12.513255567338282,regular
0,165,26,84.6235418875928,trend
0,166,18,13.997879109225874,new
0,167,54,46.02332979851538,regular
0,168,62,6.680805938494168,regular
0,169,33,91.30434782608695,trend
0,170,19,0.2120890774125133,new
0,171,24,69.98939554612937,regular
0,172,21,84.41145281018028,new
0,173,37,3.4994697773064685,regular
0,174,156,21.527041357370095,regular
0,175,32,97.03075291622481,trend
0,176,53,37.96394485683987,regular
0,177,101,72.95864262990456,regular
0,178,235,48.78048780487805,regular
0,179,35,62.03605514316013,regular
0,180,51,61.82396606574761,regular
0,181,273,8.589607635206786,regular
0,182,24,89.07741251325557,trend
0,183,45,27.67762460233298,regular
0,184,206,62.884411452810184,regular
0,185,42,91.09225874867445,trend
0,186,72,13.785790031813361,regular
0,187,47,79.53340402969246,regular
0,188,98,64.58112407211028,regular
0,189,160,76.24602332979852,regular
0,190,51,20.14846235418876,regular
0,191,22,87.91092258748674,new
0,192,29,72.1102863202545,regular
0,193,108,20.254506892895016,regular
0,194,270,46.34146341463415,regular
0,195,79,26.299045599151643,regular
0,196,34,30.858960763520678,regular
0,197,105,39.76670201484623,regular
0,198,155,67.55037115588547,regular
0,199,34,23.753976670201485,regular
0,200,183,31.81336161187699,regular
0,201,334,49.52279957582185,regular
0,202,18,97.5609756097561,new
0,203,37,25.13255567338282,regular
0,204,35,82.18451749734889,trend
0,205,19,39.660657476139974,new
0,206,47,32.44962884411453,regular
0,207,183,39.44856839872747,regular
0,208,28,45.49310710498409,regular
0,209,28,53.87062566277837,regular
0,210,114,67.65641569459173,regular
0,211,32,75.39766702014846,regular
0,212,21,96.18239660657476,new
0,213,108,74.12513255567337,regular
0,214,110,89.81972428419937,trend
0,215,77,92.89501590668081,trend
0,216,115,68.29268292682927,regular
0,217,68,18.87592788971368,regular
0,218,47,65.64156945917286,regular
0,219,24,38.70625662778367,regular
0,220,18,11.452810180275716,new
0,221,126,38.06998939554613,regular
0,222,341,17.815482502651115,regular
0,223,91,15.1643690349947,regular
0,224,123,18.345705196182397,regular
0,225,21,94.80381760339343,new
0,226,44,78.57900318133616,regular
0,227,50,30.75291622481442,regular
0,228,18,98.19724284199364,new
0,229,27,72.64050901378579,regular
0,230,113,75.0795334040297,regular
0,231,17,62.67232237539767,new
0,232,77,96.60657476139978,trend
0,233,97,83.56309650053022,trend
0,234,360,47.720042417815485,regular
0,235,75,89.7136797454931,trend
0,236,103,81.6542948038176,regular
0,237,42,97.87910922587487,trend
0,238,25,3.1813361611876987,regular
0,239,131,83.66914103923648,trend
0,240,21,14.74019088016967,new
0,241,20,19.300106044538705,new
0,242,16,24.284199363732768,new
0,243,66,64.89925768822906,regular
0,244,203,23.223753976670203,regular
0,245,19,51.961823966065744,new
0,246,173,21.951219512195124,regular
0,247,21,85.15376458112407,new
0,248,47,89.60763520678685,trend
0,249,139,69.03499469777307,regular
0,250,105,67.2322375397667,regular
0,251,69,63.52067868504771,regular
0,252,18,61.08165429480382,new
0,253,80,84.83563096500531,trend
0,254,131,32.237539766702014,regular
0,255,68,3.8176033934252387,regular
0,256,172,18.55779427359491,regular
0,257,44,63.94485683987274,regular
0,258,18,45.387062566277834,new
0,259,39,74.01908801696713,regular
0,260,18,37.22163308589608,new
0,261,22,0.5302226935312832,new
0,262,136,44.962884411452805,regular
0,263,100,90.66808059384942,trend
0,264,97,53.446447507953344,regular
0,265,41,33.085896076352064,regular
0,266,18,81.76033934252386,new
0,267,158,41.35737009544008,regular
0,268,288,23.647932131495228,regular
0,269,285,54.82502651113468,regular
0,270,115,31.17709437963945,regular
0,271,243,69.14103923647932,regular
0,272,44,98.93955461293743,trend
0,273,17,62.3541887592789,new
0,274,62,33.51007423117709,regular
0,275,85,42.20572640509014,regular
0,276,430,21.633085896076352,regular
0,277,47,43.47826086956522,regular
0,278,19,98.30328738069989,new
0,279,351,20.0424178154825,regular
0,280,227,23.329798515376456,regular
0,281,23,0.9544008483563097,regular
0,282,18,19.51219512195122,new
0,283,44,64.36903499469777,regular
0,284,42,44.53870625662778,regular
0,285,26,93.95546129374337,trend
0,286,237,32.87380699893955,regular
0,287,53,67.33828207847296,regular
0,288,61,90.77412513255567,trend
0,289,24,11.028632025450689,regular
0,290,132,46.447507953340406,regular
0,291,244,20.46659597030753,regular
0,292,108,79.95758218451749,regular
0,293,345,37.433722163308595,regular
0,294,130,13.679745493107104,regular
0,295,167,49.09862142099682,regular
0,296,122,85.04772004241782,trend
0,297,161,68.71686108165429,regular
0,298,112,82.29056203605515,trend
0,299,239,56.415694591728524,regular
0,300,17,5.1961823966065745,new
0,301,236,34.146341463414636,regular
0,302,18,0.4241781548250266,new
0,303,427,22.375397667020145,regular
0,304,21,4.029692470837752,new
0,305,186,71.26193001060446,regular
0,306,26,13.467656415694593,regular
0,307,97,79.74549310710498,regular
0,308,338,53.022269353128316,regular
0,309,17,13.891834570519618,new
0,310,16,80.6998939554613,new
0,311,246,49.73488865323436,regular
0,312,191,78.26086956521739,regular
0,313,231,54.93107104984093,regular
0,314,196,12.30116648992577,regular
0,315,74,78.89713679745493,regular
0,316,67,93.31919406150583,trend
0,317,19,0.7423117709437964,new
0,318,150,40.50901378579003,regular
0,319,19,18.027571580063626,new
0,320,127,16.861081654294804,regular
0,321,108,89.39554612937434,trend
0,322,43,98.09119830328738,trend
0,323,79,58.536585365853654,regular
0,324,58,8.695652173913043,regular
0,325,116,81.97242841993638,regular
0,326,168,72.74655355249205,regular
0,327,249,54.40084835630965,regular
0,328,244,44.008483563096505,regular
0,329,55,79.32131495227995,regular
0,330,130,52.91622481442205,regular
0,331,58,73.06468716861082,regular
0,332,153,22.799575821845174,regular
0,333,22,95.864262990456,new
0,334,279,56.733828207847296,regular
0,335,19,7.953340402969247,new
0,336,115,14.209968186638388,regular
0,337,30,52.27995758218452,regular
0,338,62,88.44114528101802,trend
0,339,212,65.42948038176034,regular
0,340,36,76.45811240721103,regular
0,341,17,2.1208907741251326,new
0,342,178,47.61399787910923,regular
0,343,204,57.90031813361611,regular
0,344,164,54.718981972428416,regular
0,345,204,43.16012725344645,regular
0,346,173,36.16118769883351,regular
0,347,179,32.66171792152704,regular
0,348,51,9.11983032873807,regular
0,349,36,14.103923647932131,regular
0,350,43,96.92470837751856,trend
0,351,36,7.635206786850477,regular
0,352,34,94.59172852598091,trend
0,353,22,80.9119830328738,new
0,354,196,74.23117709437965,regular
0,355,17,4.453870625662779,new
0,356,18,40.402969247083774,new
0,357,65,6.786850477200425,regular
0,358,31,75.50371155885472,regular
0,359,24,25.6627783669141,regular
0,360,86,85.89607635206788,trend
0,361,107,69.4591728525981,regular
0,362,22,9.013785790031813,new
0,363,275,32.97985153764581,regular
0,364,17,6.362672322375397,new
0,365,48,51.74973488865323,regular
0,366,26,26.511134676564158,regular
0,367,50,48.46235418875928,regular
0,368,38,81.33616118769883,regular
0,369,19,58.74867444326617,new
0,370,65,93.74337221633085,trend
0,371,42,94.27359490986214,trend
0,372,55,29.90455991516437,regular
0,373,201,52.17391304347826,regular
0,374,243,21.208907741251327,regular
0,375,25,50.26511134676564,regular
0,376,27,79.00318133616119,regular
0,377,29,64.68716861081654,regular
0,378,329,29.056203605514312,regular
0,379,162,70.20148462354189,regular
0,380,137,83.881230116649,trend
0,381,109,53.23435843054083,regular
0,382,44,80.59384941675503,regular
0,383,61,95.01590668080594,trend
0,384,18,46.65959703075291,new
0,385,239,63.0965005302227,regular
0,386,19,40.19088016967126,new
0,387,269,50.58324496288441,regular
0,388,44,35.2067868504772,regular
0,389,239,57.37009544008483,regular
0,390,26,62.142099681866384,regular
0,391,107,82.71474019088016,trend
0,392,94,71.68610816542949,regular
0,393,365,14.422057264050903,regular
0,394,121,35.63096500530223,regular
0,395,50,85.47189819724285,trend
0,396,43,3.0752916224814424,regular
0,397,90,79.42735949098622,regular
0,398,153,72.8525980911983,regular
0,399,259,23.01166489925769,regular
0,400,19,10.07423117709438,new
0,401,136,67.02014846235419,regular
0,402,57,82.6086956521739,trend
0,403,41,45.705196182396605,regular
0,404,35,19.618239660657476,regular
0,405,456,21.314952279957584,regular
0,406,293,55.77942735949099,regular
0,407,198,58.430540827147404,regular
0,408,23,23.435843054082714,regular
0,409,160,78.4729586426299,regular
0,410,25,60.33934252386002,regular
0,411,48,82.50265111346765,trend
0,412,44,85.79003181336161,trend
0,413,44,47.50795334040297,regular
0,414,21,73.80699893955462,new
0,415,19,70.4135737009544,new
0,416,418,29.5864262990456,regular
0,417,314,24.60233297985154,regular
0,418,17,74.97348886532343,new
0,419,27,94.16755037115588,trend
0,420,31,72.32237539766702,regular
0,421,54,96.8186638388123,trend
0,422,84,42.84199363732768,regular
0,423,55,49.310710498409335,regular
0,424,38,56.30965005302227,regular
0,425,178,47.08377518557794,regular
0,426,85,90.2439024390244,trend
0,427,26,12.937433722163307,regular
0,428,47,17.17921527041357,regular
0,429,360,39.87274655355249,regular
0,430,55,86.74443266171792,trend
0,431,17,5.938494167550371,new
0,432,53,45.91728525980912,regular
0,433,35,77.09437963944858,regular
0,434,39,11.876988335100743,regular
0,435,324,25.874867444326615,regular
0,436,124,28.63202545068929,regular
0,437,216,58.96076352067868,regular
0,438,25,38.3881230116649,regular
0,439,26,26.617179215270415,regular
0,440,40,38.91834570519618,regular
0,441,17,52.59809119830329,new
0,442,123,29.374337221633084,regular
0,443,21,9.968186638388122,new
0,444,19,66.48992576882291,new
0,445,108,42.52386002120891,regular
0,446,31,2.2269353128313893,regular
0,447,120,46.23541887592789,regular
0,448,31,25.45068928950159,regular
0,449,60,48.992576882290564,regular
0,450,447,36.79745493107105,regular
0,451,81,4.241781548250265,regular
0,452,167,73.38282078472959,regular
0,453,132,48.038176033934256,regular
0,454,195,63.41463414634146,regular
0,455,156,44.64475079533404,regular
0,456,184,50.05302226935313,regular
0,457,227,44.85683987274655,regular
0,458,150,75.71580063626723,regular
0,459,100,19.830328738069987,regular
0,460,58,55.46129374337222,regular
0,461,20,60.6574761399788,new
0,462,26,33.72216330858961,regular
0,463,113,29.268292682926827,regular
0,464,42,55.991516436903495,regular
0,465,70,95.75821845174973,trend
0,466,85,68.9289501590668,regular
0,467,39,71.47401908801697,regular
0,468,119,78.04878048780488,regular
0,469,36,92.36479321314953,trend
0,470,48,23.117709437963946,regular
0,471,27,16.96712619300106,regular
0,472,223,17.921527041357372,regular
0,473,28,78.36691410392365,regular
0,474,283,69.88335100742312,regular
0,475,18,95.54612937433721,new
0,476,68,15.69459172852598,regular
0,477,31,5.090137857900318,regular
0,478,99,51.64369034994698,regular
0,479,159,61.93001060445387,regular
0,480,51,98.83351007423119,trend
0,481,49,81.01802757158006,regular
0,482,22,8.059384941675503,new
0,483,47,73.5949098621421,regular
0,484,116,58.112407211028625,regular
0,485,23,14.952279957582185,regular
0,486,148,18.66383881230117,regular
0,487,191,38.49416755037115,regular
0,488,132,76.35206786850478,regular
0,489,92,7.84729586426299,regular
0,490,48,71.3679745493107,regular
0,491,27,77.51855779427359,regular
0,492,47,94.48568398727465,trend
0,493,112,53.65853658536586,regular
0,494,40,85.25980911983034,trend
0,495,180,31.919406150583246,regular
0,496,113,61.187698833510076,regular
0,497,226,16.224814422057264,regular
0,498,125,81.12407211028632,regular
0,499,87,90.88016967126194,trend
0,500,182,29.798515376458113,regular
0,501,58,9.650053022269352,regular
0,502,33,2.332979851537646,regular
0,503,132,77.41251325556733,regular
0,504,210,28.101802757158005,regular
0,505,91,59.1728525980912,regular
0,506,206,41.993637327677625,regular
0,507,47,25.556733828207847,regular
0,508,77,82.82078472958642,trend
0,509,29,20.572640509013787,regular
0,510,27,1.8027571580063628,regular
0,511,19,8.271474019088016,new
0,512,16,100.0,new
0,513,17,74.33722163308589,new
0,514,162,72.42841993637327,regular
0,515,33,11.134676564156946,regular
0,516,18,95.22799575821846,new
0,517,32,34.78260869565217,regular
0,518,61,15.482502651113467,regular
0,519,37,8.8016967126193,regular
0,520,20,18.981972428419937,new
0,521,122,54.5068928950159,regular
0,522,26,97.45493107104984,trend
0,523,87,43.69034994697773,regular
0,524,257,53.128313891834566,regular
0,525,47,19.19406150583245,regular
0,526,61,42.62990455991517,regular
0,527,120,88.22905620360551,trend
0,528,45,74.65535524920467,regular
0,529,36,1.4846235418875928,regular
0,530,38,88.01696712619301,trend
0,531,26,2.651113467656416,regular
0,532,214,48.35630965005302,regular
0,533,216,52.49204665959704,regular
0,534,68,6.468716861081654,regular
0,535,183,73.70095440084835,regular
0,536,144,63.3085896076352,regular
0,537,426,45.59915164369035,regular
0,538,69,91.9406150583245,trend
0,539,47,86.3202545068929,trend
0,540,51,11.770943796394485,regular
0,541,110,32.13149522799576,regular
0,542,121,64.15694591728526,regular
0,543,149,67.9745493107105,regular
0,544,25,2.4390243902439024,regular
0,545,144,33.19194061505832,regular
0,546,50,38.17603393425239,regular
0,547,18,67.12619300106044,new
0,548,125,41.145281018027575,regular
0,549,21,59.06680805938495,new
0,550,33,16.542948038176032,regular
0,551,261,36.267232237539766,regular
0,552,73,15.588547189819725,regular
0,553,88,92.57688229056204,trend
0,554,98,51.537645811240715,regular
0,555,45,63.20254506892895,regular
0,556,34,94.06150583244963,trend
0,557,46,38.282078472958645,regular
0,558,17,71.04984093319194,new
0,559,62,78.79109225874868,regular
0,560,86,57.68822905620361,regular
0,561,276,55.567338282078474,regular
0,562,64,79.10922587486743,regular
0,563,26,21.42099681866384,regular
0,564,27,77.94273594909862,regular
0,565,26,62.24814422057264,regular
0,566,126,64.47507953340403,regular
0,567,133,84.94167550371155,trend
0,568,72,84.72958642629904,trend
0,569,61,28.31389183457052,regular
0,570,19,5.302226935312832,new
0,571,15,99.68186638388123,new
0,572,17,24.920466595970307,new
0,573,42,96.39448568398727,trend
0,574,37,58.006362672322375,regular
0,575,23,99.78791092258749,trend
0,576,30,74.5493107104984,regular
0,577,160,39.130434782608695,regular
0,578,20,12.407211028632027,new
0,579,64,66.80805938494167,regular
0,580,40,11.983032873807,regular
0,581,22,95.65217391304348,new
0,582,55,30.3287380699894,regular
0,583,23,93.4252386002121,trend
0,584,20,85.5779427359491,new
0,585,55,50.79533404029692,regular
0,586,148,23.54188759278897,regular
0,587,85,8.907741251325557,regular
0,588,189,36.37327677624602,regular
0,589,38,4.7720042417815485,regular
0,590,40,53.34040296924708,regular
0,591,69,66.59597030752916,regular
0,592,280,53.97667020148462,regular
0,593,135,42.735949098621425,regular
0,594,20,90.03181336161188,new
0,595,77,17.073170731707318,regular
0,596,18,16.118769883351007,new
0,597,33,19.724284199363733,regular
0,598,22,4.665959703075292,new
0,599,40,3.3934252386002126,regular
0,600,78,32.0254506892895,regular
0,601,133,60.23329798515377,regular
0,602,25,34.35843054082714,regular
0,603,40,79.63944856839873,regular
0,604,24,66.38388123011664,regular
0,605,76,73.17073170731707,regular
0,606,197,48.67444326617179,regular
0,607,32,86.21420996818664,trend
0,608,130,68.08059384941676,regular
0,609,24,27.889713679745494,regular
0,610,62,97.34888653234358,trend
0,611,34,58.21845174973489,regular
0,612,24,56.09756097560976,regular
0,613,22,99.46977730646871,new
0,614,35,6.044538706256628,regular
0,615,87,73.27677624602333,regular
0,616,36,35.418875927889715,regular
0,617,91,68.18663838812301,regular
0,618,185,60.97560975609756,regular
0,619,80,36.47932131495228,regular
0,620,95,20.67868504772004,regular
0,621,145,21.10286320254507,regular
0,622,186,40.29692470837752,regular
0,623,39,82.39660657476139,trend
0,624,118,20.784729586426298,regular
0,625,85,72.00424178154825,regular
0,626,28,38.60021208907741,regular
0,627,155,34.676564156945915,regular
0,628,22,28.525980911983034,new
0,629,100,72.21633085896076,regular
0,630,91,28.419936373276776,regular
0,631,17,11.240721102863201,new
0,632,104,82.07847295864264,regular
0,633,50,66.91410392364793,regular
0,634,117,24.708377518557796,regular
0,635,29,11.558854718981973,regular
0,636,18,76.9883351007423,new
0,637,85,18.769883351007426,regular
0,638,58,80.80593849416755,regular
0,639,132,66.2778366914104,regular
0,640,96,50.37115588547189,regular
0,641,35,88.65323435843054,trend
0,642,265,17.497348886532343,regular
0,643,174,60.86956521739131,regular
0,644,35,11.664899257688228,regular
0,645,105,77.7306468716861,regular
0,646,31,3.2873806998939554,regular
0,647,51,40.61505832449629,regular
0,648,261,27.359490986214208,regular
0,649,21,40.721102863202546,new
0,650,260,43.37221633085896,regular
0,651,18,59.80911983032874,new
0,652,18,5.832449628844114,new
0,653,235,31.601272534464474,regular
0,654,122,57.26405090137858,regular
0,655,497,37.53976670201485,regular
0,656,20,56.62778366914104,new
0,657,26,35.100742311770944,regular
0,658,60,90.45599151643691,trend
0,659,159,69.56521739130434,regular
0,660,199,43.266171792152704,regular
0,661,99,84.09331919406151,trend
0,662,16,88.86532343584305,new
0,663,137,46.76564156945917,regular
0,664,145,75.82184517497349,regular
0,665,126,58.85471898197243,regular
0,666,206,73.48886532343585,regular
0,667,41,94.90986214209968,trend
0,668,40,34.252386002120886,regular
0,669,90,86.42629904559915,trend
0,670,40,87.8048780487805,trend
0,671,105,27.465535524920465,regular
0,672,25,25.026511134676564,regular
0,673,30,52.06786850477201,regular
0,674,35,33.404029692470836,regular
0,675,24,63.62672322375398,regular
0,676,65,76.88229056203606,regular
0,677,44,6.892895015906681,regular
0,678,24,93.21314952279958,trend
0,679,54,84.51749734888652,trend
0,680,33,81.86638388123012,regular
0,681,18,9.75609756097561,new
0,682,325,24.496288441145282,regular
0,683,63,37.11558854718982,regular
0,684,75,40.084835630965,regular
0,685,18,13.149522799575822,new
0,686,59,98.5153764581124,trend
0,687,18,5.620360551431601,new
0,688,19,4.878048780487805,new
0,689,29,34.57051961823966,regular
0,690,94,34.994697773064686,regular
0,691,26,94.69777306468717,trend
0,692,35,24.814422057264053,regular
0,693,132,78.68504772004242,regular
0,694,139,78.15482502651113,regular
0,695,34,10.922587486744433,regular
0,696,22,88.97136797454931,new
0,697,86,12.83138918345705,regular
0,698,113,83.77518557794274,trend
0,699,125,22.26935312831389,regular
0,700,18,99.89395546129374,new
0,701,29,95.3340402969247,trend
0,702,27,5.514316012725344,regular
0,703,40,47.295864262990456,regular
0,704,79,87.38069989395547,trend
0,705,98,43.05408271474019,regular
0,706,26,41.46341463414634,regular
0,707,194,52.38600212089077,regular
0,708,93,14.528101802757156,regular
0,709,121,44.22057264050901,regular
0,710,72,91.83457051961824,trend
0,711,190,50.47720042417816,regular
0,712,141,25.23860021208908,regular
0,713,22,64.7932131495228,new
0,714,38,18.133616118769883,regular
0,715,144,49.20466595970308,regular
0,716,238,61.39978791092259,regular
0,717,80,17.6033934252386,regular
0,718,34,4.984093319194061,regular
0,719,60,65.11134676564157,regular
0,720,26,86.85047720042418,trend
0,721,140,29.692470837751856,regular
0,722,37,7.317073170731707,regular
0,723,18,95.44008483563097,new
0,724,69,6.998939554612937,regular
0,725,21,16.755037115588546,new
0,726,21,3.711558854718982,new
0,727,274,23.860021208907742,regular
0,728,20,7.529162248144221,new
0,729,18,5.726405090137858,new
0,730,34,48.568398727465535,regular
0,731,73,83.24496288441145,trend
0,732,18,1.378579003181336,new
0,733,91,20.890774125132555,regular
0,734,54,88.54718981972428,trend
0,735,44,62.77836691410392,regular
0,736,19,57.582184517497346,new
0,737,28,98.72746553552491,trend
0,738,133,69.77730646871686,regular
0,739,29,97.77306468716861,trend
0,740,17,6.150583244962885,new
0,741,89,55.35524920466596,regular
0,742,22,90.56203605514315,new
0,743,31,41.251325556733825,regular
0,744,23,98.40933191940616,trend
0,745,54,97.98515376458113,trend
0,746,57,69.24708377518559,regular
0,747,249,70.51961823966066,regular
0,748,92,87.69883351007424,trend
0,749,263,30.116648992576884,regular
0,750,29,1.5906680805938493,regular
0,751,142,64.050901378579,regular
0,752,61,18.23966065747614,regular
0,753,46,99.25768822905621,trend
0,754,29,19.088016967126194,regular
0,755,34,3.6055143160127257,regular
0,756,92,45.17497348886532,regular
0,757,143,30.434782608695656,regular
0,758,310,39.55461293743372,regular
0,759,25,24.390243902439025,regular
0,760,36,53.552492046659594,regular
0,761,56,14.846235418875928,regular
0,762,18,63.73276776246023,new
0,763,106,80.48780487804879,regular
0,764,95,39.978791092258746,regular
0,765,20,87.48674443266172,new
0,766,154,71.898197242842,regular
0,767,32,87.59278897136798,trend
0,768,57,50.90137857900318,regular
0,769,24,2.863202545068929,regular
0,770,54,25.980911983032872,regular
0,771,55,65.00530222693531,regular
0,772,28,8.377518557794273,regular
0,773,139,55.67338282078473,regular
0,774,189,35.843054082714744,regular
0,775,24,74.86744432661719,regular
0,776,86,74.44326617179216,regular
0,777,30,71.79215270413573,regular
0,778,58,59.490986214209975,regular
0,779,32,22.481442205726403,regular
0,780,47,95.97030752916224,trend
0,781,33,98.62142099681867,trend
0,782,129,13.255567338282079,regular
0,783,26,7.423117709437964,regular
0,784,35,28.844114528101805,regular
0,785,22,96.50053022269353,new
0,786,95,77.62460233297985,regular
0,787,44,16.01272534464475,regular
0,788,216,32.34358430540827,regular
0,789,28,77.83669141039236,regular
0,790,190,19.936373276776244,regular
0,791,21,40.8271474019088,new
0,792,38,15.058324496288442,regular
0,793,42,16.33085896076352,regular
0,794,33,81.23011664899258,regular
0,795,126,23.966065747614,regular
0,796,308,37.009544008483566,regular
0,797,23,20.360551431601273,regular
0,798,195,18.451749734888654,regular
0,799,20,91.72852598091198,new
0,800,24,52.70413573700954,regular
0,801,22,0.8483563096500532,new
0,802,65,24.072110286320257,regular
0,803,29,2.014846235418876,regular
0,804,274,37.32767762460234,regular
0,805,243,27.783669141039237,regular
0,806,123,70.62566277836692,regular
0,807,172,42.94803817603394,regular
0,808,19,5.408271474019088,new
0,809,18,49.62884411452811,new
0,810,23,2.545068928950159,regular
0,811,17,2.757158006362672,new
0,812,15,4.559915164369035,new
0,813,26,1.9088016967126193,regular
0,814,31,36.05514316012725,regular
0,815,157,71.15588547189819,regular
0,816,19,7.104984093319194,new
0,817,31,4.3478260869565215,regular
0,818,17,49.840933191940614,new
0,819,23,54.2948038176034,regular
0,820,18,53.76458112407211,new
0,821,53,74.76139978791092,regular
0,822,20,57.476139978791096,new
0,823,157,62.990455991516434,regular
0,824,18,0.10604453870625664,new
0,825,122,14.634146341463413,regular
0,826,99,34.88865323435843,regular
0,827,24,41.88759278897137,regular
0,828,82,41.675503711558854,regular
0,829,56,56.20360551431601,regular
0,830,88,76.67020148462355,regular
0,831,64,80.16967126193,regular
0,832,22,7.211028632025451,new
0,833,233,48.25026511134676,regular
0,834,48,65.21739130434783,regular
0,835,88,81.54825026511135,regular
0,836,43,88.7592788971368,trend
0,837,41,12.725344644750795,regular
0,838,80,88.33510074231177,trend
0,839,49,25.768822905620357,regular
0,840,172,79.85153764581125,regular
0,841,26,32.7677624602333,regular
0,842,21,75.92788971367975,new
0,843,172,57.05196182396607,regular
0,844,71,71.58006362672322,regular
0,845,22,83.35100742311771,new
0,846,348,46.87168610816543,regular
0,847,129,47.40190880169671,regular
0,848,119,77.20042417815482,regular
0,849,17,48.88653234358431,new
0,850,43,89.28950159066808,trend
0,851,170,20.996818663838813,regular
0,852,43,12.195121951219512,regular
0,853,36,2.9692470837751856,regular
0,854,181,62.566277836691405,regular
0,855,20,64.26299045599151,new
0,856,22,41.78154825026511,new
0,857,19,7.741251325556734,new
0,858,17,75.60975609756098,new
0,859,32,12.61930010604454,regular
0,860,62,35.52492046659597,regular
0,861,34,27.25344644750795,regular
0,862,143,73.91304347826086,regular
0,863,86,15.800636267232237,regular
0,864,243,37.75185577942736,regular
0,865,54,9.862142099681867,regular
0,866,18,89.50159066808058,new
0,867,80,91.51643690349947,trend
0,868,185,51.11346765641569,regular
0,869,41,37.857900318133616,regular
0,870,237,61.6118769883351,regular
0,871,96,57.15800636267232,regular
0,872,60,9.43796394485684,regular
0,873,18,9.331919406150584,new
0,874,29,86.63838812301167,trend
0,875,75,90.34994697773064,trend
0,876,17,89.18345705196182,new
0,877,65,44.32661717921527,regular
0,878,119,72.53446447507953,regular
0,879,23,70.83775185577943,regular
0,880,308,22.057264050901377,regular
0,881,211,46.977730646871684,regular
0,882,113,68.39872746553553,regular
0,883,224,54.08271474019089,regular
0,884,35,69.67126193001062,regular
0,885,86,51.3255567338282,regular
0,886,193,51.431601272534465,regular
0,887,130,39.02439024390244,regular
0,888,17,62.460233297985155,new
0,889,284,51.855779427359494,regular
0,890,104,84.19936373276776,trend
0,891,42,39.34252386002121,regular
0,892,188,60.55143160127253,regular
0,893,52,16.64899257688229,regular
0,894,198,42.09968186638388,regular
0,895,18,35.73700954400849,new
0,896,315,34.04029692470838,regular
0,897,163,48.14422057264051,regular
0,898,26,66.06574761399789,regular
0,899,115,70.30752916224814,regular
0,900,39,60.44538706256628,regular
0,901,104,26.935312831389187,regular
0,902,42,92.15270413573701,trend
0,903,118,63.83881230116649,regular
0,904,42,22.90562036055143,regular
0,905,35,22.58748674443266,regular
0,906,35,15.906680805938494,regular
0,907,121,42.417815482502654,regular
0,908,58,96.07635206786851,trend
0,909,23,17.391304347826086,regular
0,910,49,80.06362672322376,regular
0,911,86,87.16861081654295,trend
0,912,47,94.3796394485684,trend
0,913,110,92.78897136797455,trend
0,914,17,36.58536585365854,new
0,915,23,67.76246023329799,regular
0,916,276,37.6458112407211,regular
0,917,29,11.346765641569458,regular
0,918,83,59.703075291622476,regular
0,919,189,34.4644750795334,regular
0,920,21,52.8101802757158,new
0,921,89,30.965005302226935,regular
0,922,107,39.23647932131495,regular
0,923,65,22.163308589607635,regular
0,924,68,91.1983032873807,trend
0,925,25,10.71049840933192,regular
0,926,16,45.28101802757158,new
0,927,100,13.043478260869565,regular
0,928,24,92.47083775185578,trend
0,929,43,99.36373276776246,trend
0,930,55,51.21951219512195,regular
0,931,53,67.44432661717921,regular
0,932,206,61.717921527041355,regular
0,933,156,33.61611876988335,regular
0,934,148,65.85365853658537,regular
0,935,32,21.845174973488866,regular
0,936,116,22.693531283138917,regular
0,937,36,61.29374337221633,regular
0,938,97,10.392364793213149,regular
0,939,41,10.816542948038176,regular
0,940,91,82.92682926829268,trend
0,941,18,59.91516436903499,new
0,942,70,86.00212089077412,trend
0,943,150,32.555673382820785,regular
1,1,216,51.007423117709436,regular
1,2,51,58.85471898197243,regular
1,3,48,14.634146341463413,regular
1,4,21,26.82926829268293,new
1,5,152,27.465535524920465,regular
1,6,183,83.45705196182396,trend
1,7,340,47.50795334040297,regular
1,8,49,77.7306468716861,regular
1,9,19,77.09437963944858,new
1,10,150,80.06362672322376,regular
1,11,159,37.11558854718982,regular
1,12,45,89.18345705196182,trend
1,13,530,29.692470837751856,regular
1,14,81,88.65323435843054,trend
1,15,91,10.498409331919406,regular
1,16,117,80.38176033934252,regular
1,17,25,43.05408271474019,regular
1,18,238,65.00530222693531,regular
1,19,18,50.68928950159067,new
1,20,43,69.56521739130434,regular
1,21,150,9.968186638388122,regular
1,22,113,24.920466595970307,regular
1,23,132,69.14103923647932,regular
1,24,60,83.03287380699894,trend
1,25,69,87.8048780487805,trend
1,26,87,15.588547189819725,regular
1,27,22,59.703075291622476,new
1,28,70,67.65641569459173,regular
1,29,30,21.208907741251327,regular
1,30,37,31.601272534464474,regular
1,31,32,57.37009544008483,regular
1,32,36,41.993637327677625,regular
1,33,20,0.5302226935312832,new
1,34,17,1.5906680805938493,new
1,35,21,1.166489925768823,new
1,36,16,4.7720042417815485,new
1,37,49,43.79639448568399,regular
1,38,106,13.255567338282079,regular
1,39,19,59.490986214209975,new
1,40,31,26.193001060445386,regular
1,41,43,97.66702014846236,trend
1,42,156,44.85683987274655,regular
1,43,191,40.8271474019088,regular
1,44,132,70.09544008483563,regular
1,45,43,20.784729586426298,regular
1,46,22,92.47083775185578,new
1,47,20,30.434782608695656,new
1,48,56,94.48568398727465,trend
1,49,185,24.390243902439025,regular
1,50,21,40.721102863202546,new
1,51,18,94.90986214209968,new
1,52,49,62.3541887592789,regular
1,53,25,77.51855779427359,regular
1,54,54,33.51007423117709,regular
1,55,19,77.62460233297985,new
1,56,165,32.44962884411453,regular
1,57,91,21.527041357370095,regular
1,58,125,81.12407211028632,regular
1,59,333,51.11346765641569,regular
1,60,181,71.68610816542949,regular
1,61,19,1.2725344644750796,new
1,62,191,53.97667020148462,regular
1,63,76,15.37645811240721,regular
1,64,171,69.98939554612937,regular
1,65,68,77.83669141039236,regular
1,66,32,52.91622481442205,regular
1,67,26,7.741251325556734,regular
1,68,30,47.720042417815485,regular
1,69,56,82.29056203605515,trend
1,70,115,44.32661717921527,regular
1,71,33,97.77306468716861,trend
1,72,115,77.30646871686108,regular
1,73,57,88.12301166489925,trend
1,74,35,76.35206786850478,regular
1,75,69,9.75609756097561,regular
1,76,68,73.70095440084835,regular
1,77,62,96.07635206786851,trend
1,78,17,2.545068928950159,new
1,79,49,60.127253446447504,regular
1,80,25,92.78897136797455,trend
1,81,48,31.38918345705196,regular
1,82,148,56.52173913043478,regular
1,83,130,12.725344644750795,regular
1,84,58,47.932131495228,regular
1,85,253,62.03605514316013,regular
1,86,19,4.878048780487805,new
1,87,172,27.995758218451748,regular
1,88,17,59.1728525980912,new
1,89,66,46.87168610816543,regular
1,90,245,65.85365853658537,regular
1,91,86,84.41145281018028,trend
1,92,328,19.936373276776244,regular
1,93,18,11.558854718981973,new
1,94,348,32.237539766702014,regular
1,95,232,36.79745493107105,regular
1,96,46,99.36373276776246,trend
1,97,53,96.8186638388123,trend
1,98,24,38.3881230116649,regular
1,99,115,31.81336161187699,regular
1,100,47,30.646871686108167,regular
1,101,56,10.07423117709438,regular
1,102,185,25.768822905620357,regular
1,103,25,75.71580063626723,regular
1,104,99,25.556733828207847,regular
1,105,20,69.67126193001062,new
1,106,55,62.566277836691405,regular
1,107,19,20.46659597030753,new
1,108,29,69.4591728525981,regular
1,109,200,29.90455991516437,regular
1,110,107,16.861081654294804,regular
1,111,21,84.19936373276776,new
1,112,35,27.67762460233298,regular
1,113,43,16.542948038176032,regular
1,114,42,95.22799575821846,trend
1,115,78,84.94167550371155,trend
1,116,120,45.17497348886532,regular
1,117,76,51.3255567338282,regular
1,118,59,80.6998939554613,regular
1,119,150,38.49416755037115,regular
1,120,23,52.06786850477201,regular
1,121,66,80.59384941675503,regular
1,122,54,62.990455991516434,regular
1,123,45,93.6373276776246,trend
1,124,20,98.09119830328738,new
1,125,160,46.02332979851538,regular
1,126,37,27.783669141039237,regular
1,127,20,8.271474019088016,new
1,128,157,45.387062566277834,regular
1,129,27,40.50901378579003,regular
1,130,287,18.981972428419937,regular
1,131,25,90.13785790031812,trend
1,132,19,99.46977730646871,new
1,133,23,58.74867444326617,regular
1,134,22,23.860021208907742,new
1,135,47,28.738069989395548,regular
1,136,30,93.00106044538707,trend
1,137,38,48.67444326617179,regular
1,138,45,93.31919406150583,trend
1,139,18,78.04878048780488,new
1,140,19,1.0604453870625663,new
1,141,95,10.71049840933192,regular
1,142,27,47.295864262990456,regular
1,143,18,28.525980911983034,new
1,144,177,63.62672322375398,regular
1,145,273,17.391304347826086,regular
1,146,22,74.01908801696713,new
1,147,18,62.884411452810184,new
1,148,53,90.77412513255567,trend
1,149,31,13.043478260869565,regular
1,150,27,81.54825026511135,regular
1,151,266,58.32449628844114,regular
1,152,86,29.374337221633084,regular
1,153,20,95.54612937433721,new
1,154,44,95.65217391304348,trend
1,155,18,0.3181336161187699,new
1,156,31,96.39448568398727,trend
1,157,42,46.23541887592789,regular
1,158,150,47.1898197242842,regular
1,159,94,5.090137857900318,regular
1,160,104,63.20254506892895,regular
1,161,47,95.44008483563097,trend
1,162,33,58.96076352067868,regular
1,163,19,94.69777306468717,new
1,164,50,10.392364793213149,regular
1,165,26,83.24496288441145,trend
1,166,18,7.953340402969247,new
1,167,54,44.22057264050901,regular
1,168,62,8.059384941675503,regular
1,169,32,90.2439024390244,trend
1,170,19,0.8483563096500532,new
1,171,24,38.06998939554613,regular
1,172,22,81.76033934252386,new
1,173,37,5.1961823966065745,regular
1,174,156,21.42099681866384,regular
1,175,32,98.30328738069989,trend
1,176,54,42.52386002120891,regular
1,177,99,71.15588547189819,regular
1,178,237,48.35630965005302,regular
1,179,35,60.021208907741254,regular
1,180,54,64.58112407211028,regular
1,181,274,7.635206786850477,regular
1,182,25,82.71474019088016,trend
1,183,45,23.54188759278897,regular
1,184,204,61.6118769883351,regular
1,185,42,88.54718981972428,trend
1,186,78,15.69459172852598,regular
1,187,47,78.26086956521739,regular
1,188,99,73.27677624602333,regular
1,189,161,76.9883351007423,regular
1,190,51,13.679745493107104,regular
1,191,23,61.717921527041355,regular
1,192,29,56.733828207847296,regular
1,193,97,18.55779427359491,regular
1,194,256,41.675503711558854,regular
1,195,80,36.47932131495228,regular
1,196,33,30.3287380699894,regular
1,197,105,40.29692470837752,regular
1,198,155,67.9745493107105,regular
1,199,34,18.451749734888654,regular
1,200,182,30.858960763520678,regular
1,201,334,45.705196182396605,regular
1,202,18,97.98515376458113,new
1,203,37,24.072110286320257,regular
1,204,37,72.00424178154825,regular
1,205,17,68.71686108165429,new
1,206,47,40.402969247083774,regular
1,207,185,41.251325556733825,regular
1,208,28,48.46235418875928,regular
1,209,28,70.30752916224814,regular
1,210,114,69.77730646871686,regular
1,211,30,80.16967126193,regular
1,212,20,97.13679745493107,new
1,213,109,71.3679745493107,regular
1,214,108,86.42629904559915,trend
1,215,77,90.03181336161188,trend
1,216,117,68.18663838812301,regular
1,217,68,25.344644750795336,regular
1,218,47,72.42841993637327,regular
1,219,24,24.496288441145282,regular
1,220,18,8.8016967126193,new
1,221,127,33.93425238600212,regular
1,222,341,17.6033934252386,regular
1,223,91,12.513255567338282,regular
1,224,123,18.027571580063626,regular
1,225,21,92.04665959703075,new
1,226,44,83.881230116649,trend
1,227,51,27.1474019088017,regular
1,228,19,92.36479321314953,new
1,229,27,74.33722163308589,regular
1,230,112,75.39766702014846,regular
1,231,18,75.92788971367975,new
1,232,77,91.9406150583245,trend
1,233,97,87.38069989395547,trend
1,234,360,48.25026511134676,regular
1,235,75,90.34994697773064,trend
1,236,102,81.97242841993638,regular
1,237,42,98.40933191940616,trend
1,238,24,7.104984093319194,regular
1,239,133,83.35100742311771,trend
1,240,19,19.51219512195122,new
1,241,20,54.5068928950159,new
1,242,16,27.571580063626723,new
1,243,65,58.21845174973489,regular
1,244,202,30.965005302226935,regular
1,245,18,51.64369034994698,new
1,246,173,18.769883351007426,regular
1,247,22,94.3796394485684,new
1,248,47,93.21314952279958,trend
1,249,140,72.8525980911983,regular
1,250,105,63.73276776246023,regular
1,251,69,64.26299045599151,regular
1,252,18,75.60975609756098,new
1,253,79,85.04772004241782,trend
1,254,140,34.88865323435843,regular
1,255,74,5.726405090137858,regular
1,256,170,17.497348886532343,regular
1,257,44,48.14422057264051,regular
1,258,20,8.48356309650053,new
1,259,40,64.89925768822906,regular
1,260,18,39.34252386002121,new
1,261,22,0.6362672322375398,new
1,262,137,40.084835630965,regular
1,263,107,87.69883351007424,trend
1,264,99,51.74973488865323,regular
1,265,40,31.283138918345703,regular
1,266,20,32.555673382820785,new
1,267,157,38.60021208907741,regular
1,268,289,22.375397667020145,regular
1,269,285,48.568398727465535,regular
1,270,114,30.75291622481442,regular
1,271,240,64.050901378579,regular
1,272,43,97.5609756097561,trend
1,273,18,84.30540827147401,new
1,274,59,42.84199363732768,regular
1,275,85,56.415694591728524,regular
1,276,431,19.830328738069987,regular
1,277,46,59.27889713679746,regular
1,278,19,96.60657476139978,new
1,279,352,19.19406150583245,regular
1,280,228,23.753976670201485,regular
1,281,23,2.651113467656416,regular
1,282,18,14.528101802757156,new
1,283,45,55.46129374337222,regular
1,284,42,33.19194061505832,regular
1,285,26,95.97030752916224,trend
1,286,237,32.66171792152704,regular
1,287,51,57.476139978791096,regular
1,288,62,92.89501590668081,trend
1,289,22,16.118769883351007,new
1,290,133,47.08377518557794,regular
1,291,247,20.254506892895016,regular
1,292,108,81.01802757158006,regular
1,293,345,39.978791092258746,regular
1,294,129,12.937433722163307,regular
1,295,167,45.91728525980912,regular
1,296,121,84.72958642629904,trend
1,297,162,65.7476139978791,regular
1,298,111,80.80593849416755,regular
1,299,237,56.09756097560976,regular
1,300,17,8.16542948038176,new
1,301,237,29.056203605514312,regular
1,302,19,0.4241781548250266,new
1,303,427,21.633085896076352,regular
1,304,21,6.044538706256628,new
1,305,186,69.35312831389183,regular
1,306,26,26.08695652173913,regular
1,307,96,74.5493107104984,regular
1,308,340,53.34040296924708,regular
1,309,17,11.240721102863201,new
1,310,16,69.03499469777307,new
1,311,243,52.8101802757158,regular
1,312,190,77.94273594909862,regular
1,313,231,55.037115588547195,regular
1,314,193,11.876988335100743,regular
1,315,75,83.98727465535525,trend
1,316,67,91.72852598091198,trend
1,317,19,0.2120890774125133,new
1,318,150,43.69034994697773,regular
1,319,18,19.406150583244962,new
1,320,128,16.33085896076352,regular
1,321,109,87.91092258748674,trend
1,322,44,97.34888653234358,trend
1,323,79,54.718981972428416,regular
1,324,58,11.452810180275716,regular
1,325,114,84.09331919406151,trend
1,326,168,72.32237539766702,regular
1,327,248,52.49204665959704,regular
1,328,244,43.90243902439025,regular
1,329,58,88.44114528101802,trend
1,330,119,57.15800636267232,regular
1,331,58,71.04984093319194,regular
1,332,153,19.618239660657476,regular
1,333,22,92.57688229056204,new
1,334,279,53.65853658536586,regular
1,335,18,6.892895015906681,new
1,336,115,16.436903499469775,regular
1,337,29,54.40084835630965,regular
1,338,62,81.6542948038176,regular
1,339,213,71.26193001060446,regular
1,340,36,79.95758218451749,regular
1,341,17,0.9544008483563097,new
1,342,178,46.977730646871684,regular
1,343,202,63.83881230116649,regular
1,344,164,66.91410392364793,regular
1,345,203,36.90349946977731,regular
1,346,160,44.008483563096505,regular
1,347,179,41.35737009544008,regular
1,348,51,9.43796394485684,regular
1,349,35,11.770943796394485,regular
1,350,43,99.15164369034994,trend
1,351,36,6.998939554612937,regular
1,352,34,98.19724284199364,trend
1,353,22,65.32343584305409,new
1,354,206,69.24708377518559,regular
1,355,18,4.241781548250265,new
1,356,18,62.77836691410392,new
1,357,66,7.317073170731707,regular
1,358,31,78.57900318133616,regular
1,359,24,58.006362672322375,regular
1,360,87,85.79003181336161,trend
1,361,107,67.2322375397667,regular
1,362,22,8.907741251325557,new
1,363,275,31.919406150583246,regular
1,364,17,3.3934252386002126,new
1,365,51,32.97985153764581,regular
1,366,27,29.798515376458113,regular
1,367,50,56.30965005302227,regular
1,368,39,63.3085896076352,regular
1,369,19,79.63944856839873,new
1,370,66,93.4252386002121,trend
1,371,44,94.80381760339343,trend
1,372,55,22.481442205726403,regular
1,373,202,55.567338282078474,regular
1,374,243,26.723223753976672,regular
1,375,25,27.25344644750795,regular
1,376,27,68.82290562036056,regular
1,377,27,80.48780487804879,regular
1,378,328,28.207847295864262,regular
1,379,159,72.53446447507953,regular
1,380,135,81.33616118769883,regular
1,381,108,52.27995758218452,regular
1,382,45,73.06468716861082,regular
1,383,60,94.59172852598091,trend
1,384,19,67.02014846235419,new
1,385,239,61.39978791092259,regular
1,386,20,60.76352067868505,new
1,387,269,44.962884411452805,regular
1,388,44,25.45068928950159,regular
1,389,240,54.93107104984093,regular
1,390,27,42.09968186638388,regular
1,391,109,79.53340402969246,regular
1,392,95,61.82396606574761,regular
1,393,367,13.997879109225874,regular
1,394,123,28.844114528101805,regular
1,395,50,82.18451749734889,trend
1,396,45,4.559915164369035,regular
1,397,81,89.60763520678685,trend
1,398,154,74.12513255567337,regular
1,399,256,27.041357370095444,regular
1,400,17,11.983032873807,new
1,401,136,67.33828207847296,regular
1,402,59,75.50371155885472,regular
1,403,42,53.128313891834566,regular
1,404,38,15.800636267232237,regular
1,405,459,20.0424178154825,regular
1,406,292,56.9459172852598,regular
1,407,199,59.06680805938495,regular
1,408,23,57.79427359490986,regular
1,409,159,80.27571580063628,regular
1,410,25,45.81124072110286,regular
1,411,48,79.42735949098622,regular
1,412,44,88.33510074231177,trend
1,413,44,53.022269353128316,regular
1,414,21,50.79533404029692,new
1,415,19,65.5355249204666,new
1,416,417,29.268292682926827,regular
1,417,315,24.60233297985154,regular
1,418,17,83.66914103923648,new
1,419,27,94.16755037115588,trend
1,420,31,89.92576882290561,trend
1,421,54,96.18239660657476,trend
1,422,84,35.31283138918346,regular
1,423,54,41.88759278897137,regular
1,424,38,51.431601272534465,regular
1,425,178,36.267232237539766,regular
1,426,84,89.50159066808058,trend
1,427,26,18.87592788971368,regular
1,428,46,23.647932131495228,regular
1,429,361,37.53976670201485,regular
1,430,56,87.48674443266172,trend
1,431,18,3.711558854718982,new
1,432,53,34.252386002120886,regular
1,433,36,60.6574761399788,regular
1,434,39,12.089077412513255,regular
1,435,323,23.01166489925769,regular
1,436,118,33.404029692470836,regular
1,437,215,55.991516436903495,regular
1,438,25,9.225874867444327,regular
1,439,26,26.299045599151643,regular
1,440,41,47.40190880169671,regular
1,441,18,28.950159066808055,new
1,442,115,28.101802757158005,regular
1,443,21,4.135737009544008,new
1,444,19,94.06150583244963,new
1,445,109,50.90137857900318,regular
1,446,32,5.408271474019088,regular
1,447,121,48.992576882290564,regular
1,448,31,44.75079533404029,regular
1,449,61,39.130434782608695,regular
1,450,445,37.22163308589608,regular
1,451,82,5.302226935312832,regular
1,452,180,70.94379639448569,regular
1,453,131,53.446447507953344,regular
1,454,195,62.460233297985155,regular
1,455,168,49.73488865323436,regular
1,456,185,51.537645811240715,regular
1,457,228,49.52279957582185,regular
1,458,153,71.898197242842,regular
1,459,99,17.28525980911983,regular
1,460,58,52.59809119830329,regular
1,461,20,65.42948038176034,new
1,462,26,57.26405090137858,regular
1,463,113,26.617179215270415,regular
1,464,43,41.46341463414634,regular
1,465,70,93.74337221633085,trend
1,466,83,61.93001060445387,regular
1,467,39,78.79109225874868,regular
1,468,121,79.85153764581125,regular
1,469,36,88.86532343584305,trend
1,470,51,43.47826086956522,regular
1,471,28,47.82608695652174,regular
1,472,224,16.96712619300106,regular
1,473,29,66.48992576882291,regular
1,474,282,65.64156945917286,regular
1,475,18,97.24284199363733,new
1,476,68,13.891834570519618,regular
1,477,31,4.984093319194061,regular
1,478,100,56.83987274655355,regular
1,479,162,64.47507953340403,regular
1,480,48,98.93955461293743,trend
1,481,48,84.6235418875928,trend
1,482,23,40.19088016967126,regular
1,483,47,76.88229056203606,regular
1,484,114,59.38494167550371,regular
1,485,23,9.013785790031813,regular
1,486,149,20.360551431601273,regular
1,487,194,37.75185577942736,regular
1,488,130,78.4729586426299,regular
1,489,92,7.423117709437964,regular
1,490,48,73.38282078472959,regular
1,491,27,81.44220572640509,regular
1,492,47,95.3340402969247,trend
1,493,114,68.08059384941676,regular
1,494,40,88.97136797454931,trend
1,495,180,37.433722163308595,regular
1,496,113,63.0965005302227,regular
1,497,239,22.58748674443266,regular
1,498,126,79.32131495227995,regular
1,499,88,89.39554612937434,trend
1,500,183,26.935312831389187,regular
1,501,60,14.316012725344645,regular
1,502,33,1.8027571580063628,regular
1,503,133,73.5949098621421,regular
1,504,211,25.6627783669141,regular
1,505,93,63.41463414634146,regular
1,506,206,39.87274655355249,regular
1,507,47,32.13149522799576,regular
1,508,78,79.00318133616119,regular
1,509,29,18.23966065747614,regular
1,510,27,2.332979851537646,regular
1,511,20,4.3478260869565215,new
1,512,15,100.0,new
1,513,19,72.95864262990456,new
1,514,163,78.15482502651113,regular
1,515,31,13.361611876988336,regular
1,516,19,92.15270413573701,new
1,517,32,31.70731707317073,regular
1,518,60,14.103923647932131,regular
1,519,37,9.544008483563097,regular
1,520,20,11.028632025450689,new
1,521,121,52.38600212089077,regular
1,522,26,90.45599151643691,trend
1,523,87,34.78260869565217,regular
1,524,257,54.612937433722166,regular
1,525,47,19.300106044538705,regular
1,526,61,39.55461293743372,regular
1,527,120,85.68398727465537,trend
1,528,45,73.80699893955462,regular
1,529,36,2.1208907741251326,regular
1,530,38,86.95652173913044,trend
1,531,26,9.650053022269352,regular
1,532,216,42.94803817603394,regular
1,533,215,50.26511134676564,regular
1,534,68,6.150583244962885,regular
1,535,184,74.76139978791092,regular
1,536,144,62.24814422057264,regular
1,537,425,42.417815482502654,regular
1,538,70,91.09225874867445,trend
1,539,46,85.89607635206788,trend
1,540,52,13.785790031813361,regular
1,541,109,33.72216330858961,regular
1,542,121,59.597030752916226,regular
1,543,159,70.83775185577943,regular
1,544,26,2.4390243902439024,regular
1,545,144,27.889713679745494,regular
1,546,50,30.010604453870627,regular
1,547,19,10.180275715800637,new
1,548,124,37.857900318133616,regular
1,549,22,52.70413573700954,new
1,550,33,17.815482502651115,regular
1,551,260,34.994697773064686,regular
1,552,67,21.845174973488866,regular
1,553,88,92.25874867444327,trend
1,554,100,51.21951219512195,regular
1,555,45,56.62778366914104,regular
1,556,37,95.75821845174973,trend
1,557,46,45.59915164369035,regular
1,558,17,74.86744432661719,new
1,559,61,78.89713679745493,regular
1,560,86,55.885471898197245,regular
1,561,316,46.34146341463415,regular
1,562,64,83.13891834570519,trend
1,563,24,22.90562036055143,regular
1,564,27,49.41675503711559,regular
1,565,26,61.50583244962884,regular
1,566,125,62.142099681866384,regular
1,567,132,81.86638388123012,regular
1,568,66,87.16861081654295,trend
1,569,61,28.31389183457052,regular
1,570,19,6.574761399787911,new
1,571,15,98.5153764581124,new
1,572,18,25.980911983032872,new
1,573,43,95.1219512195122,trend
1,574,37,61.187698833510076,regular
1,575,23,99.57582184517497,trend
1,576,31,60.23329798515377,regular
1,577,159,42.62990455991517,regular
1,578,19,10.816542948038176,new
1,579,64,67.76246023329799,regular
1,580,40,14.846235418875928,regular
1,581,23,95.864262990456,trend
1,582,55,25.23860021208908,regular
1,583,23,94.27359490986214,trend
1,584,20,82.39660657476139,new
1,585,55,48.78048780487805,regular
1,586,149,25.874867444326615,regular
1,587,85,9.331919406150584,regular
1,588,188,36.05514316012725,regular
1,589,38,5.832449628844114,regular
1,590,38,54.18875927889714,regular
1,591,69,58.112407211028625,regular
1,592,277,55.143160127253445,regular
1,593,133,52.17391304347826,regular
1,594,20,91.83457051961824,new
1,595,82,14.74019088016967,regular
1,596,17,46.76564156945917,new
1,597,33,33.29798515376458,regular
1,598,22,16.64899257688229,new
1,599,40,4.453870625662779,regular
1,600,78,35.63096500530223,regular
1,601,133,60.33934252386002,regular
1,602,25,30.116648992576884,regular
1,603,40,86.85047720042418,trend
1,604,24,67.12619300106044,regular
1,605,76,70.51961823966066,regular
1,606,199,55.24920466595971,regular
1,607,32,86.3202545068929,trend
1,608,129,68.39872746553553,regular
1,609,24,22.799575821845174,regular
1,610,63,91.51643690349947,trend
1,611,36,50.58324496288441,regular
1,612,24,45.28101802757158,regular
1,613,24,99.68186638388123,trend
1,614,35,5.514316012725344,regular
1,615,86,74.23117709437965,regular
1,616,38,29.5864262990456,regular
1,617,91,64.36903499469777,regular
1,618,186,63.52067868504771,regular
1,619,80,36.16118769883351,regular
1,620,95,17.921527041357372,regular
1,621,144,16.755037115588546,regular
1,622,187,46.447507953340406,regular
1,623,38,73.48886532343585,regular
1,624,111,12.30116648992577,regular
1,625,89,66.70201484623541,regular
1,626,28,11.346765641569458,regular
1,627,154,35.2067868504772,regular
1,628,22,29.16224814422057,new
1,629,101,75.18557794273595,regular
1,630,91,49.840933191940614,regular
1,631,17,35.100742311770944,new
1,632,103,82.50265111346765,trend
1,633,50,53.76458112407211,regular
1,634,116,21.951219512195124,regular
1,635,30,11.134676564156946,regular
1,636,18,85.25980911983034,new
1,637,85,17.17921527041357,regular
1,638,58,83.56309650053022,trend
1,639,132,66.06574761399789,regular
1,640,96,51.855779427359494,regular
1,641,35,87.27465535524921,trend
1,642,266,16.224814422057264,regular
1,643,177,54.08271474019089,regular
1,644,35,28.63202545068929,regular
1,645,105,76.033934252386,regular
1,646,31,8.695652173913043,regular
1,647,51,41.78154825026511,regular
1,648,261,26.511134676564158,regular
1,649,21,75.0795334040297,new
1,650,259,40.61505832449629,regular
1,651,19,76.13997879109226,new
1,652,18,2.757158006362672,new
1,653,253,43.266171792152704,regular
1,654,123,60.55143160127253,regular
1,655,497,37.6458112407211,regular
1,656,20,55.67338282078473,new
1,657,26,35.949098621421,regular
1,658,61,91.62248144220572,trend
1,659,162,68.29268292682927,regular
1,660,198,44.53870625662778,regular
1,661,101,86.21420996818664,trend
1,662,16,93.84941675503711,new
1,663,137,42.735949098621425,regular
1,664,146,77.20042417815482,regular
1,665,122,49.09862142099682,regular
1,666,205,70.20148462354189,regular
1,667,41,96.92470837751856,trend
1,668,41,24.17815482502651,regular
1,669,85,93.53128313891834,trend
1,670,40,91.1983032873807,trend
1,671,105,20.996818663838813,regular
1,672,26,46.65959703075291,regular
1,673,30,68.61081654294804,regular
1,674,35,34.35843054082714,regular
1,675,25,74.97348886532343,regular
1,676,65,75.2916224814422,regular
1,677,44,7.211028632025451,regular
1,678,24,85.36585365853658,trend
1,679,55,82.6086956521739,trend
1,680,33,90.66808059384942,trend
1,681,19,5.620360551431601,new
1,682,324,25.13255567338282,regular
1,683,62,36.58536585365854,regular
1,684,75,38.812301166489924,regular
1,685,18,8.377518557794273,new
1,686,61,96.50053022269353,trend
1,687,19,0.7423117709437964,new
1,688,19,2.014846235418876,new
1,689,30,32.87380699893955,regular
1,690,93,26.4050901378579,regular
1,691,26,86.00212089077412,trend
1,692,35,28.419936373276776,regular
1,693,132,76.45811240721103,regular
1,694,139,79.2152704135737,regular
1,695,34,6.256627783669141,regular
1,696,23,71.47401908801697,regular
1,697,85,12.83138918345705,regular
1,698,113,85.5779427359491,trend
1,699,125,23.329798515376456,regular
1,700,19,99.89395546129374,new
1,701,29,93.10710498409331,trend
1,702,28,4.665959703075292,regular
1,703,40,39.76670201484623,regular
1,704,79,90.98621420996818,trend
1,705,97,43.37221633085896,regular
1,706,26,38.70625662778367,regular
1,707,195,54.2948038176034,regular
1,708,93,10.922587486744433,regular
1,709,120,31.071049840933192,regular
1,710,72,92.6829268292683,trend
1,711,189,56.20360551431601,regular
1,712,141,23.223753976670203,regular
1,713,24,79.74549310710498,regular
1,714,38,15.906680805938494,regular
1,715,145,47.61399787910923,regular
1,716,238,60.44538706256628,regular
1,717,78,20.14846235418876,regular
1,718,34,2.9692470837751856,regular
1,719,60,70.73170731707317,regular
1,720,27,85.15376458112407,trend
1,721,139,30.22269353128314,regular
1,722,37,3.923647932131495,regular
1,723,18,95.01590668080594,new
1,724,71,3.6055143160127257,regular
1,725,21,12.61930010604454,new
1,726,21,9.11983032873807,new
1,727,287,19.088016967126194,regular
1,728,20,15.270413573700955,new
1,729,19,21.314952279957584,new
1,730,34,49.62884411452811,regular
1,731,73,83.77518557794274,trend
1,732,18,1.9088016967126193,new
1,733,91,21.73913043478261,regular
1,734,53,91.30434782608695,trend
1,735,45,51.961823966065744,regular
1,736,19,76.7762460233298,new
1,737,27,97.87910922587487,trend
1,738,125,76.56415694591729,regular
1,739,29,98.72746553552491,trend
1,740,17,7.84729586426299,new
1,741,90,58.536585365853654,regular
1,742,21,84.83563096500531,new
1,743,30,34.57051961823966,regular
1,744,24,98.62142099681867,trend
1,745,54,97.45493107104984,trend
1,746,58,59.91516436903499,regular
1,747,249,72.64050901378579,regular
1,748,93,89.7136797454931,trend
1,749,264,34.4644750795334,regular
1,750,25,1.378579003181336,regular
1,751,143,61.29374337221633,regular
1,752,61,17.709437963944858,regular
1,753,46,99.25768822905621,trend
1,754,29,23.435843054082714,regular
1,755,34,1.6967126193001063,regular
1,756,90,43.584305408271476,regular
1,757,140,20.67868504772004,regular
1,758,309,35.73700954400849,regular
1,759,27,32.0254506892895,regular
1,760,36,44.432661717921526,regular
1,761,56,20.890774125132555,regular
1,762,18,63.94485683987274,new
1,763,116,71.79215270413573,regular
1,764,95,36.37327677624602,regular
1,765,20,88.01696712619301,new
1,766,140,62.67232237539767,regular
1,767,33,89.07741251325557,trend
1,768,57,55.35524920466596,regular
1,769,22,2.2269353128313893,new
1,770,55,23.966065747614,regular
1,771,56,67.86850477200424,regular
1,772,28,24.284199363732768,regular
1,773,139,53.23435843054083,regular
1,774,191,35.52492046659597,regular
1,775,24,66.80805938494167,regular
1,776,86,78.68504772004242,regular
1,777,30,76.67020148462355,regular
1,778,58,54.82502651113468,regular
1,779,32,22.693531283138917,regular
1,780,47,96.28844114528103,trend
1,781,35,99.0455991516437,trend
1,782,129,13.467656415694593,regular
1,783,26,3.4994697773064685,regular
1,784,35,50.37115588547189,regular
1,785,22,98.83351007423119,new
1,786,96,71.58006362672322,regular
1,787,44,14.952279957582185,regular
1,788,216,37.009544008483566,regular
1,789,28,78.36691410392365,regular
1,790,192,18.345705196182397,regular
1,791,22,9.862142099681867,new
1,792,38,17.073170731707318,regular
1,793,42,10.604453870625663,regular
1,794,32,87.0625662778367,trend
1,795,126,27.359490986214208,regular
1,796,307,39.23647932131495,regular
1,797,20,6.362672322375397,new
1,798,195,15.058324496288442,regular
1,799,19,96.71261930010604,new
1,800,24,30.54082714740191,regular
1,801,22,13.57370095440085,new
1,802,65,22.26935312831389,regular
1,803,29,1.4846235418875928,regular
1,804,274,39.02439024390244,regular
1,805,244,24.814422057264053,regular
1,806,123,66.38388123011664,regular
1,807,173,36.691410392364794,regular
1,808,20,41.145281018027575,new
1,809,18,60.97560975609756,new
1,810,23,3.0752916224814424,regular
1,811,18,3.2873806998939554,new
1,812,16,4.029692470837752,new
1,813,26,3.8176033934252387,regular
1,814,31,32.7677624602333,regular
1,815,157,70.4135737009544,regular
1,816,19,3.1813361611876987,new
1,817,31,6.468716861081654,regular
1,818,18,42.3117709437964,new
1,819,23,38.91834570519618,regular
1,820,19,59.80911983032874,new
1,821,53,66.59597030752916,regular
1,822,22,48.038176033934256,new
1,823,157,66.17179215270413,regular
1,824,18,0.10604453870625664,new
1,825,124,12.407211028632027,regular
1,826,99,31.495227995758217,regular
1,827,24,46.129374337221634,regular
1,828,87,35.843054082714744,regular
1,829,50,69.88335100742312,regular
1,830,91,72.74655355249205,regular
1,831,63,77.41251325556733,regular
1,832,21,6.786850477200425,new
1,833,233,45.49310710498409,regular
1,834,48,64.15694591728526,regular
1,835,89,82.07847295864264,regular
1,836,42,90.88016967126194,trend
1,837,41,12.195121951219512,regular
1,838,80,86.53234358430541,trend
1,839,46,41.569459172852596,regular
1,840,171,80.9119830328738,regular
1,841,26,37.32767762460234,regular
1,842,21,73.17073170731707,new
1,843,174,53.87062566277837,regular
1,844,71,65.11134676564157,regular
1,845,22,82.92682926829268,new
1,846,349,44.114528101802755,regular
1,847,129,48.88653234358431,regular
1,848,120,73.91304347826086,regular
1,849,17,42.20572640509014,new
1,850,43,79.10922587486743,regular
1,851,171,23.117709437963946,regular
1,852,43,19.724284199363733,regular
1,853,37,2.863202545068929,regular
1,854,178,58.64262990455992,regular
1,855,20,68.50477200424177,new
1,856,22,50.47720042417816,new
1,857,19,7.529162248144221,new
1,858,17,64.68716861081654,new
1,859,34,20.572640509013787,regular
1,860,60,40.93319194061506,regular
1,861,35,24.708377518557796,regular
1,862,143,72.1102863202545,regular
1,863,86,15.1643690349947,regular
1,864,241,41.03923647932132,regular
1,865,59,14.422057264050903,regular
1,866,18,89.28950159066808,new
1,867,80,87.59278897136798,trend
1,868,185,49.310710498409335,regular
1,869,41,34.676564156945915,regular
1,870,236,64.7932131495228,regular
1,871,96,60.86956521739131,regular
1,872,60,10.286320254506894,regular
1,873,18,5.938494167550371,new
1,874,29,84.51749734888652,trend
1,875,75,91.41039236479321,trend
1,876,18,86.63838812301167,new
1,877,64,33.61611876988335,regular
1,878,111,75.82184517497349,regular
1,879,26,57.90031813361611,regular
1,880,309,21.10286320254507,regular
1,881,213,39.44856839872747,regular
1,882,119,57.582184517497346,regular
1,883,222,58.430540827147404,regular
1,884,35,74.65535524920467,regular
1,885,86,49.94697773064687,regular
1,886,194,50.05302226935313,regular
1,887,131,38.282078472958645,regular
1,888,17,67.55037115588547,new
1,889,284,49.20466595970308,regular
1,890,104,85.47189819724285,trend
1,891,42,22.057264050901377,regular
1,892,189,55.77942735949099,regular
1,893,52,13.149522799575822,regular
1,894,199,34.04029692470838,regular
1,895,17,70.62566277836692,new
1,896,315,38.17603393425239,regular
1,897,156,57.05196182396607,regular
1,898,26,43.16012725344645,regular
1,899,115,65.21739130434783,regular
1,900,38,61.08165429480382,regular
1,901,103,31.17709437963945,regular
1,902,42,86.74443266171792,trend
1,903,118,67.44432661717921,regular
1,904,38,29.48038176033934,regular
1,905,34,16.01272534464475,regular
1,906,36,25.026511134676564,regular
1,907,122,34.146341463414636,regular
1,908,62,97.03075291622481,trend
1,909,23,15.482502651113467,regular
1,910,54,68.9289501590668,regular
1,911,86,88.22905620360551,trend
1,912,47,93.95546129374337,trend
1,913,111,88.7592788971368,trend
1,914,17,44.64475079533404,new
1,915,23,46.553552492046656,regular
1,916,277,33.828207847295864,regular
1,917,29,37.96394485683987,regular
1,918,83,57.68822905620361,regular
1,919,188,32.34358430540827,regular
1,920,22,50.159066808059386,new
1,921,88,33.085896076352064,regular
1,922,108,35.418875927889715,regular
1,923,65,18.66383881230117,regular
1,924,68,90.56203605514315,trend
1,925,25,6.680805938494168,regular
1,926,17,86.10816542948038,new
1,927,101,14.209968186638388,regular
1,928,26,89.81972428419937,trend
1,929,43,99.78791092258749,trend
1,930,55,53.552492046659594,regular
1,931,52,76.24602332979852,regular
1,932,183,72.21633085896076,regular
1,933,164,45.06892895015906,regular
1,934,148,66.2778366914104,regular
1,935,32,22.163308589607635,regular
1,936,115,18.133616118769883,regular
1,937,36,65.95970307529161,regular
1,938,97,8.589607635206786,regular
1,939,41,11.664899257688228,regular
1,940,91,81.23011664899258,regular
1,941,17,74.44326617179216,new
1,942,70,82.82078472958642,trend
1,943,150,39.660657476139974,regular
2,1,216,50.159066808059386,regular
2,2,51,66.17179215270413,regular
2,3,48,12.089077412513255,regular
2,4,20,7.953340402969247,new
2,5,152,23.223753976670203,regular
2,6,184,83.13891834570519,trend
2,7,341,44.008483563096505,regular
2,8,48,74.33722163308589,regular
2,9,19,83.45705196182396,new
2,10,148,80.48780487804879,regular
2,11,161,32.13149522799576,regular
2,12,45,89.28950159066808,trend
2,13,530,25.556733828207847,regular
2,14,80,88.22905620360551,trend
2,15,92,15.588547189819725,regular
2,16,116,76.56415694591729,regular
2,17,25,40.19088016967126,regular
2,18,240,70.30752916224814,regular
2,19,17,22.163308589607635,new
2,20,43,72.32237539766702,regular
2,21,150,9.43796394485684,regular
2,22,113,23.753976670201485,regular
2,23,131,69.14103923647932,regular
2,24,60,78.57900318133616,regular
2,25,69,87.16861081654295,trend
2,26,88,17.497348886532343,regular
2,27,20,24.708377518557796,new
2,28,70,67.12619300106044,regular
2,29,30,28.419936373276776,regular
2,30,37,32.7677624602333,regular
2,31,32,53.446447507953344,regular
2,32,36,43.90243902439025,regular
2,33,20,0.3181336161187699,new
2,34,17,1.4846235418875928,new
2,35,21,0.8483563096500532,new
2,36,16,3.2873806998939554,new
2,37,49,39.130434782608695,regular
2,38,106,14.634146341463413,regular
2,39,19,43.37221633085896,new
2,40,29,31.495227995758217,regular
2,41,43,97.98515376458113,trend
2,42,158,47.295864262990456,regular
2,43,191,43.584305408271476,regular
2,44,131,71.26193001060446,regular
2,45,43,32.555673382820785,regular
2,46,22,58.006362672322375,new
2,47,22,15.058324496288442,new
2,48,56,89.92576882290561,trend
2,49,185,23.329798515376456,regular
2,50,21,32.66171792152704,new
2,51,19,98.72746553552491,new
2,52,49,68.08059384941676,regular
2,53,25,76.13997879109226,regular
2,54,54,48.78048780487805,regular
2,55,19,90.03181336161188,new
2,56,164,27.041357370095444,regular
2,57,90,22.58748674443266,regular
2,58,127,85.04772004241782,trend
2,59,331,50.90137857900318,regular
2,60,180,73.38282078472959,regular
2,61,19,2.2269353128313893,new
2,62,194,54.612937433722166,regular
2,63,78,36.16118769883351,regular
2,64,171,64.36903499469777,regular
2,65,68,75.82184517497349,regular
2,66,31,57.15800636267232,regular
2,67,26,4.029692470837752,regular
2,68,30,48.46235418875928,regular
2,69,55,70.4135737009544,regular
2,70,114,47.82608695652174,regular
2,71,34,97.34888653234358,trend
2,72,113,76.24602332979852,regular
2,73,57,91.41039236479321,trend
2,74,34,67.9745493107105,regular
2,75,69,8.271474019088016,regular
2,76,68,69.24708377518559,regular
2,77,62,95.54612937433721,trend
2,78,19,1.5906680805938493,new
2,79,44,61.717921527041355,regular
2,80,25,89.07741251325557,trend
2,81,52,29.16224814422057,regular
2,82,148,58.536585365853654,regular
2,83,129,9.225874867444327,regular
2,84,58,36.267232237539766,regular
2,85,254,64.68716861081654,regular
2,86,19,4.3478260869565215,new
2,87,171,39.87274655355249,regular
2,88,17,64.89925768822906,new
2,89,65,46.447507953340406,regular
2,90,248,71.3679745493107,regular
2,91,87,83.56309650053022,trend
2,92,330,20.254506892895016,regular
2,93,18,10.498409331919406,new
2,94,351,37.009544008483566,regular
2,95,234,44.962884411452805,regular
2,96,48,99.68186638388123,trend
2,97,53,97.66702014846236,trend
2,98,24,36.05514316012725,regular
2,99,116,30.858960763520678,regular
2,100,47,21.42099681866384,regular
2,101,56,7.741251325556734,regular
2,102,184,23.01166489925769,regular
2,103,25,79.00318133616119,regular
2,104,99,26.08695652173913,regular
2,105,20,69.77730646871686,new
2,106,54,72.53446447507953,regular
2,107,19,17.921527041357372,new
2,108,29,58.430540827147404,regular
2,109,201,25.6627783669141,regular
2,110,108,15.69459172852598,regular
2,111,21,74.76139978791092,new
2,112,36,12.937433722163307,regular
2,113,43,30.116648992576884,regular
2,114,42,93.00106044538707,trend
2,115,80,80.38176033934252,regular
2,116,120,50.26511134676564,regular
2,117,75,50.05302226935313,regular
2,118,59,84.94167550371155,trend
2,119,151,40.29692470837752,regular
2,120,23,12.407211028632027,regular
2,121,60,86.74443266171792,trend
2,122,54,59.06680805938495,regular
2,123,45,95.65217391304348,trend
2,124,20,98.5153764581124,new
2,125,160,46.977730646871684,regular
2,126,37,23.435843054082714,regular
2,127,18,16.861081654294804,new
2,128,158,49.20466595970308,regular
2,129,27,53.022269353128316,regular
2,130,286,19.618239660657476,regular
2,131,26,87.59278897136798,trend
2,132,20,97.77306468716861,new
2,133,23,44.114528101802755,regular
2,134,22,33.72216330858961,new
2,135,47,25.768822905620357,regular
2,136,30,93.4252386002121,trend
2,137,39,43.69034994697773,regular
2,138,44,93.74337221633085,trend
2,139,19,80.59384941675503,new
2,140,19,7.423117709437964,new
2,141,95,9.75609756097561,regular
2,142,28,51.11346765641569,regular
2,143,18,11.876988335100743,new
2,144,177,62.566277836691405,regular
2,145,273,18.133616118769883,regular
2,146,22,70.94379639448569,new
2,147,17,70.20148462354189,new
2,148,52,91.1983032873807,trend
2,149,31,32.0254506892895,regular
2,150,28,76.35206786850478,regular
2,151,265,58.64262990455992,regular
2,152,86,23.647932131495228,regular
2,153,20,96.92470837751856,new
2,154,43,94.16755037115588,trend
2,155,19,0.9544008483563097,new
2,156,31,96.39448568398727,trend
2,157,42,56.733828207847296,regular
2,158,150,37.433722163308595,regular
2,159,94,4.878048780487805,regular
2,160,100,69.67126193001062,regular
2,161,47,93.53128313891834,trend
2,162,36,56.62778366914104,regular
2,163,19,94.06150583244963,new
2,164,50,6.680805938494168,regular
2,165,26,88.65323435843054,trend
2,166,18,11.770943796394485,new
2,167,54,43.16012725344645,regular
2,168,62,9.544008483563097,regular
2,169,32,81.97242841993638,regular
2,170,20,1.166489925768823,new
2,171,25,80.16967126193,regular
2,172,22,80.27571580063628,new
2,173,37,5.090137857900318,regular
2,174,156,22.26935312831389,regular
2,175,32,97.87910922587487,trend
2,176,54,35.52492046659597,regular
2,177,99,73.5949098621421,regular
2,178,236,45.81124072110286,regular
2,179,35,55.567338282078474,regular
2,180,52,63.94485683987274,regular
2,181,277,8.16542948038176,regular
2,182,25,86.10816542948038,trend
2,183,45,13.361611876988336,regular
2,184,205,61.93001060445387,regular
2,185,42,88.44114528101802,trend
2,186,71,14.74019088016967,regular
2,187,48,78.79109225874868,regular
2,188,99,63.3085896076352,regular
2,189,159,73.80699893955462,regular
2,190,51,19.19406150583245,regular
2,191,22,88.7592788971368,new
2,192,30,75.0795334040297,regular
2,193,108,19.088016967126194,regular
2,194,255,37.75185577942736,regular
2,195,79,27.25344644750795,regular
2,196,33,30.22269353128314,regular
2,197,105,26.723223753976672,regular
2,198,153,63.62672322375398,regular
2,199,34,30.54082714740191,regular
2,200,185,35.2067868504772,regular
2,201,335,47.61399787910923,regular
2,202,18,97.13679745493107,new
2,203,36,27.359490986214208,regular
2,204,38,60.44538706256628,regular
2,205,20,38.49416755037115,new
2,206,47,34.78260869565217,regular
2,207,184,39.660657476139974,regular
2,208,28,46.129374337221634,regular
2,209,29,68.82290562036056,regular
2,210,116,61.6118769883351,regular
2,211,32,75.2916224814422,regular
2,212,20,92.57688229056204,new
2,213,108,71.15588547189819,regular
2,214,109,90.88016967126194,trend
2,215,83,83.24496288441145,trend
2,216,116,73.17073170731707,regular
2,217,68,22.693531283138917,regular
2,218,47,75.71580063626723,regular
2,219,24,17.6033934252386,regular
2,220,19,13.57370095440085,new
2,221,126,40.50901378579003,regular
2,222,341,19.406150583244962,regular
2,223,92,11.240721102863201,regular
2,224,123,16.96712619300106,regular
2,225,22,93.84941675503711,new
2,226,44,85.5779427359491,trend
2,227,50,32.34358430540827,regular
2,228,19,96.71261930010604,new
2,229,27,67.44432661717921,regular
2,230,113,74.65535524920467,regular
2,231,18,45.705196182396605,new
2,232,78,95.3340402969247,trend
2,233,97,83.35100742311771,trend
2,234,360,46.65959703075291,regular
2,235,76,91.09225874867445,trend
2,236,104,81.44220572640509,regular
2,237,42,98.40933191940616,trend
2,238,23,3.923647932131495,regular
2,239,130,81.33616118769883,regular
2,240,19,47.932131495228,new
2,241,20,51.961823966065744,new
2,242,14,25.13255567338282,new
2,243,66,60.23329798515377,regular
2,244,203,32.237539766702014,regular
2,245,18,53.97667020148462,new
2,246,173,19.300106044538705,regular
2,247,21,94.90986214209968,new
2,248,47,90.98621420996818,trend
2,249,139,69.03499469777307,regular
2,250,105,63.52067868504771,regular
2,251,69,65.95970307529161,regular
2,252,17,72.1102863202545,new
2,253,80,78.4729586426299,regular
2,254,140,29.90455991516437,regular
2,255,74,5.302226935312832,regular
2,256,170,20.0424178154825,regular
2,257,44,63.41463414634146,regular
2,258,20,30.434782608695656,new
2,259,39,66.48992576882291,regular
2,260,19,42.84199363732768,new
2,261,22,0.4241781548250266,new
2,262,135,33.61611876988335,regular
2,263,100,90.2439024390244,trend
2,264,97,49.310710498409335,regular
2,265,40,24.390243902439025,regular
2,266,18,84.30540827147401,new
2,267,157,44.85683987274655,regular
2,268,289,24.284199363732768,regular
2,269,285,54.82502651113468,regular
2,270,115,27.571580063626723,regular
2,271,241,60.127253446447504,regular
2,272,43,98.62142099681867,trend
2,273,19,62.460233297985155,new
2,274,59,48.35630965005302,regular
2,275,85,47.40190880169671,regular
2,276,434,21.527041357370095,regular
2,277,46,42.20572640509014,regular
2,278,19,95.22799575821846,new
2,279,352,18.451749734888654,regular
2,280,227,23.860021208907742,regular
2,281,23,1.2725344644750796,regular
2,282,19,7.104984093319194,new
2,283,45,61.82396606574761,regular
2,284,42,26.82926829268293,regular
2,285,27,89.60763520678685,trend
2,286,238,30.965005302226935,regular
2,287,52,64.58112407211028,regular
2,288,61,91.72852598091198,trend
2,289,24,13.997879109225874,regular
2,290,132,56.9459172852598,regular
2,291,246,18.23966065747614,regular
2,292,108,80.9119830328738,regular
2,293,345,35.73700954400849,regular
2,294,132,13.679745493107104,regular
2,295,168,48.25026511134676,regular
2,296,122,76.67020148462355,regular
2,297,161,64.7932131495228,regular
2,298,111,81.54825026511135,regular
2,299,237,55.991516436903495,regular
2,300,17,5.832449628844114,new
2,301,235,27.1474019088017,regular
2,302,19,0.5302226935312832,new
2,303,427,21.10286320254507,regular
2,304,21,8.059384941675503,new
2,305,186,76.033934252386,regular
2,306,26,15.482502651113467,regular
2,307,97,71.58006362672322,regular
2,308,337,48.67444326617179,regular
2,309,17,10.392364793213149,new
2,310,16,78.89713679745493,new
2,311,244,50.37115588547189,regular
2,312,190,79.10922587486743,regular
2,313,231,55.037115588547195,regular
2,314,193,11.664899257688228,regular
2,315,73,81.6542948038176,regular
2,316,67,91.62248144220572,trend
2,317,20,0.6362672322375398,new
2,318,150,45.28101802757158,regular
2,319,20,33.93425238600212,new
2,320,128,14.846235418875928,regular
2,321,108,90.66808059384942,trend
2,322,44,97.45493107104984,trend
2,323,79,59.703075291622476,regular
2,324,58,17.28525980911983,regular
2,325,115,83.66914103923648,trend
2,326,168,70.62566277836692,regular
2,327,249,53.76458112407211,regular
2,328,245,42.94803817603394,regular
2,329,58,86.63838812301167,trend
2,330,130,58.96076352067868,regular
2,331,58,66.38388123011664,regular
2,332,153,15.906680805938494,regular
2,333,22,89.7136797454931,new
2,334,279,57.90031813361611,regular
2,335,18,0.7423117709437964,new
2,336,115,13.891834570519618,regular
2,337,29,40.61505832449629,regular
2,338,63,83.881230116649,trend
2,339,213,66.59597030752916,regular
2,340,36,82.29056203605515,trend
2,341,17,1.0604453870625663,new
2,342,178,46.553552492046656,regular
2,343,202,61.50583244962884,regular
2,344,164,62.990455991516434,regular
2,345,203,41.46341463414634,regular
2,346,173,33.29798515376458,regular
2,347,179,35.63096500530223,regular
2,348,51,6.468716861081654,regular
2,349,36,11.134676564156946,regular
2,350,43,98.83351007423119,trend
2,351,36,7.635206786850477,regular
2,352,35,98.30328738069989,trend
2,353,22,63.0965005302227,new
2,354,206,70.83775185577943,regular
2,355,18,2.545068928950159,new
2,356,18,79.63944856839873,new
2,357,65,6.786850477200425,regular
2,358,31,77.83669141039236,regular
2,359,24,55.885471898197245,regular
2,360,88,89.81972428419937,trend
2,361,107,65.00530222693531,regular
2,362,22,3.0752916224814424,new
2,363,275,33.085896076352064,regular
2,364,17,7.211028632025451,new
2,365,47,28.950159066808055,regular
2,366,27,18.769883351007426,regular
2,367,50,46.87168610816543,regular
2,368,37,74.12513255567337,regular
2,369,20,77.51855779427359,new
2,370,65,92.25874867444327,trend
2,371,43,95.44008483563097,trend
2,372,55,22.90562036055143,regular
2,373,202,50.58324496288441,regular
2,374,243,25.344644750795336,regular
2,375,25,38.70625662778367,regular
2,376,27,81.23011664899258,regular
2,377,28,84.72958642629904,trend
2,378,328,24.814422057264053,regular
2,379,162,73.91304347826086,regular
2,380,139,84.6235418875928,trend
2,381,108,55.24920466595971,regular
2,382,45,82.92682926829268,trend
2,383,60,94.48568398727465,trend
2,384,20,30.3287380699894,new
2,385,239,62.24814422057264,regular
2,386,20,17.815482502651115,new
2,387,269,46.02332979851538,regular
2,388,45,28.31389183457052,regular
2,389,239,52.38600212089077,regular
2,390,28,60.86956521739131,regular
2,391,108,79.74549310710498,regular
2,392,95,73.70095440084835,regular
2,393,361,11.558854718981973,regular
2,394,124,39.55461293743372,regular
2,395,50,78.68504772004242,regular
2,396,47,4.453870625662779,regular
2,397,91,82.07847295864264,regular
2,398,154,71.898197242842,regular
2,399,258,25.026511134676564,regular
2,400,18,10.604453870625663,new
2,401,137,65.5355249204666,regular
2,402,59,81.76033934252386,regular
2,403,41,53.128313891834566,regular
2,404,35,8.48356309650053,regular
2,405,462,21.845174973488866,regular
2,406,293,57.68822905620361,regular
2,407,199,57.37009544008483,regular
2,408,23,48.992576882290564,regular
2,409,161,76.88229056203606,regular
2,410,25,57.476139978791096,regular
2,411,49,85.79003181336161,trend
2,412,44,87.0625662778367,trend
2,413,44,49.73488865323436,regular
2,414,21,59.1728525980912,new
2,415,19,90.56203605514315,new
2,416,416,27.465535524920465,regular
2,417,315,21.314952279957584,regular
2,418,17,79.95758218451749,new
2,419,28,95.864262990456,trend
2,420,31,83.98727465535525,trend
2,421,56,95.75821845174973,trend
2,422,84,31.071049840933192,regular
2,423,54,39.76670201484623,regular
2,424,38,57.79427359490986,regular
2,425,178,45.17497348886532,regular
2,426,84,92.78897136797455,trend
2,427,27,14.422057264050903,regular
2,428,46,17.391304347826086,regular
2,429,360,39.44856839872747,regular
2,430,55,86.53234358430541,trend
2,431,18,6.362672322375397,new
2,432,54,39.978791092258746,regular
2,433,34,79.2152704135737,regular
2,434,39,9.968186638388122,regular
2,435,323,23.54188759278897,regular
2,436,118,37.53976670201485,regular
2,437,218,54.40084835630965,regular
2,438,26,34.676564156945915,regular
2,439,26,29.5864262990456,regular
2,440,40,54.718981972428416,regular
2,441,18,37.22163308589608,new
2,442,115,22.481442205726403,regular
2,443,21,15.270413573700955,new
2,444,19,87.69883351007424,new
2,445,109,55.67338282078473,regular
2,446,30,6.892895015906681,regular
2,447,120,42.09968186638388,regular
2,448,31,30.646871686108167,regular
2,449,62,44.22057264050901,regular
2,450,449,40.084835630965,regular
2,451,82,5.408271474019088,regular
2,452,168,74.5493107104984,regular
2,453,132,52.17391304347826,regular
2,454,196,60.55143160127253,regular
2,455,146,47.08377518557794,regular
2,456,185,56.30965005302227,regular
2,457,225,48.14422057264051,regular
2,458,155,75.39766702014846,regular
2,459,100,16.118769883351007,regular
2,460,58,48.038176033934256,regular
2,461,20,29.374337221633084,new
2,462,27,52.59809119830329,regular
2,463,113,26.4050901378579,regular
2,464,44,52.27995758218452,regular
2,465,70,96.07635206786851,trend
2,466,84,58.21845174973489,regular
2,467,39,77.94273594909862,regular
2,468,119,71.04984093319194,regular
2,469,38,91.51643690349947,trend
2,470,49,44.32661717921527,regular
2,471,28,55.77942735949099,regular
2,472,226,19.724284199363733,regular
2,473,28,74.23117709437965,regular
2,474,283,66.70201484623541,regular
2,475,18,99.78791092258749,new
2,476,69,12.725344644750795,regular
2,477,31,5.620360551431601,regular
2,478,93,63.20254506892895,regular
2,479,159,59.91516436903499,regular
2,480,51,96.8186638388123,trend
2,481,48,79.32131495227995,regular
2,482,20,36.47932131495228,new
2,483,46,64.050901378579,regular
2,484,114,55.143160127253445,regular
2,485,23,20.67868504772004,regular
2,486,151,17.17921527041357,regular
2,487,193,36.58536585365854,regular
2,488,131,79.85153764581125,regular
2,489,92,6.574761399787911,regular
2,490,48,73.06468716861082,regular
2,491,27,87.27465535524921,trend
2,492,48,94.59172852598091,trend
2,493,112,67.65641569459173,regular
2,494,40,92.15270413573701,trend
2,495,181,32.87380699893955,regular
2,496,113,67.55037115588547,regular
2,497,240,24.920466595970307,regular
2,498,125,83.03287380699894,trend
2,499,88,92.89501590668081,trend
2,500,183,31.17709437963945,regular
2,501,58,14.952279957582185,regular
2,502,33,1.8027571580063628,regular
2,503,132,73.27677624602333,regular
2,504,211,25.874867444326615,regular
2,505,92,58.85471898197243,regular
2,506,207,35.843054082714744,regular
2,507,47,14.209968186638388,regular
2,508,77,80.80593849416755,regular
2,509,29,20.14846235418876,regular
2,510,27,2.1208907741251326,regular
2,511,19,7.84729586426299,new
2,512,16,100.0,new
2,513,20,51.3255567338282,new
2,514,161,78.26086956521739,regular
2,515,31,20.890774125132555,regular
2,516,19,94.3796394485684,new
2,517,32,41.35737009544008,regular
2,518,61,12.513255567338282,regular
2,519,38,8.8016967126193,regular
2,520,20,35.100742311770944,new
2,521,123,50.47720042417816,regular
2,522,25,95.97030752916224,trend
2,523,88,47.1898197242842,regular
2,524,259,52.49204665959704,regular
2,525,47,10.180275715800637,regular
2,526,61,54.08271474019089,regular
2,527,120,85.15376458112407,trend
2,528,46,69.98939554612937,regular
2,529,36,3.1813361611876987,regular
2,530,38,89.18345705196182,trend
2,531,26,2.651113467656416,regular
2,532,216,42.52386002120891,regular
2,533,214,52.91622481442205,regular
2,534,68,6.256627783669141,regular
2,535,184,72.00424178154825,regular
2,536,144,61.29374337221633,regular
2,537,425,45.387062566277834,regular
2,538,70,91.30434782608695,trend
2,539,47,84.51749734888652,trend
2,540,51,14.103923647932131,regular
2,541,109,34.4644750795334,regular
2,542,121,57.05196182396607,regular
2,543,157,70.73170731707317,regular
2,544,26,2.4390243902439024,regular
2,545,145,27.783669141039237,regular
2,546,50,19.830328738069987,regular
2,547,19,62.3541887592789,new
2,548,126,32.97985153764581,regular
2,549,22,59.38494167550371,new
2,550,33,10.922587486744433,regular
2,551,264,35.949098621421,regular
2,552,74,12.61930010604454,regular
2,553,88,88.54718981972428,trend
2,554,98,51.431601272534465,regular
2,555,47,64.47507953340403,regular
2,556,37,90.34994697773064,trend
2,557,47,34.57051961823966,regular
2,558,17,57.26405090137858,new
2,559,62,68.9289501590668,regular
2,560,86,63.83881230116649,regular
2,561,273,51.007423117709436,regular
2,562,65,73.48886532343585,regular
2,563,26,15.37645811240721,regular
2,564,28,68.39872746553553,regular
2,565,27,54.18875927889714,regular
2,566,125,68.61081654294804,regular
2,567,132,85.68398727465537,trend
2,568,67,89.50159066808058,trend
2,569,61,28.207847295864262,regular
2,570,20,2.332979851537646,new
2,571,15,99.36373276776246,new
2,572,18,22.799575821845174,new
2,573,43,94.80381760339343,trend
2,574,38,65.85365853658537,regular
2,575,23,99.46977730646871,trend
2,576,31,42.62990455991517,regular
2,577,159,38.91834570519618,regular
2,578,19,7.529162248144221,new
2,579,64,59.490986214209975,regular
2,580,40,13.043478260869565,regular
2,581,23,88.86532343584305,trend
2,582,52,43.266171792152704,regular
2,583,23,86.00212089077412,trend
2,584,20,84.83563096500531,new
2,585,56,49.52279957582185,regular
2,586,148,28.738069989395548,regular
2,587,85,9.331919406150584,regular
2,588,191,33.828207847295864,regular
2,589,38,3.711558854718982,regular
2,590,42,33.51007423117709,regular
2,591,71,65.21739130434783,regular
2,592,278,52.06786850477201,regular
2,593,133,44.64475079533404,regular
2,594,21,97.03075291622481,new
2,595,77,18.87592788971368,regular
2,596,18,60.021208907741254,new
2,597,34,39.34252386002121,regular
2,598,22,29.48038176033934,new
2,599,40,2.757158006362672,regular
2,600,78,45.06892895015906,regular
2,601,133,59.597030752916226,regular
2,602,25,21.208907741251327,regular
2,603,40,78.36691410392365,regular
2,604,24,66.91410392364793,regular
2,605,76,72.74655355249205,regular
2,606,200,50.68928950159067,regular
2,607,32,82.18451749734889,trend
2,608,130,67.76246023329799,regular
2,609,24,38.812301166489924,regular
2,610,63,95.1219512195122,trend
2,611,35,60.33934252386002,regular
2,612,24,40.8271474019088,regular
2,613,24,98.09119830328738,trend
2,614,35,9.11983032873807,regular
2,615,87,72.21633085896076,regular
2,616,35,40.93319194061506,regular
2,617,92,62.884411452810184,regular
2,618,185,62.03605514316013,regular
2,619,74,38.06998939554613,regular
2,620,95,24.496288441145282,regular
2,621,143,17.709437963944858,regular
2,622,187,45.49310710498409,regular
2,623,38,82.82078472958642,trend
2,624,117,25.45068928950159,regular
2,625,89,67.2322375397667,regular
2,626,29,16.542948038176032,regular
2,627,153,34.04029692470838,regular
2,628,22,28.844114528101805,new
2,629,102,69.56521739130434,regular
2,630,93,41.145281018027575,regular
2,631,17,36.90349946977731,new
2,632,103,75.60975609756098,regular
2,633,51,45.59915164369035,regular
2,634,116,18.55779427359491,regular
2,635,29,16.01272534464475,regular
2,636,18,84.19936373276776,new
2,637,86,13.785790031813361,regular
2,638,58,81.12407211028632,regular
2,639,132,64.15694591728526,regular
2,640,96,52.8101802757158,regular
2,641,35,92.36479321314953,trend
2,642,265,16.64899257688229,regular
2,643,174,54.5068928950159,regular
2,644,35,18.981972428419937,regular
2,645,106,77.41251325556733,regular
2,646,31,9.013785790031813,regular
2,647,51,29.056203605514312,regular
2,648,261,26.617179215270415,regular
2,649,21,69.35312831389183,new
2,650,262,41.675503711558854,regular
2,651,19,65.11134676564157,new
2,652,19,4.984093319194061,new
2,653,253,41.993637327677625,regular
2,654,123,56.09756097560976,regular
2,655,496,38.282078472958645,regular
2,656,20,58.74867444326617,new
2,657,26,26.299045599151643,regular
2,658,62,92.04665959703075,trend
2,659,160,72.95864262990456,regular
2,660,198,34.252386002120886,regular
2,661,101,86.3202545068929,trend
2,662,16,87.8048780487805,new
2,663,137,51.21951219512195,regular
2,664,145,76.45811240721103,regular
2,665,127,53.552492046659594,regular
2,666,206,75.50371155885472,regular
2,667,41,96.60657476139978,trend
2,668,40,26.511134676564158,regular
2,669,83,93.21314952279958,trend
2,670,40,90.77412513255567,trend
2,671,105,25.23860021208908,regular
2,672,25,51.537645811240715,regular
2,673,30,59.27889713679746,regular
2,674,36,30.75291622481442,regular
2,675,24,76.7762460233298,regular
2,676,65,79.53340402969246,regular
2,677,44,6.998939554612937,regular
2,678,24,93.31919406150583,trend
2,679,55,88.01696712619301,trend
2,680,33,85.25980911983034,trend
2,681,19,8.589607635206786,new
2,682,328,21.633085896076352,regular
2,683,62,42.417815482502654,regular
2,684,75,48.568398727465535,regular
2,685,18,5.726405090137858,new
2,686,61,97.24284199363733,trend
2,687,19,4.241781548250265,new
2,688,19,4.559915164369035,new
2,689,29,36.37327677624602,regular
2,690,103,31.283138918345703,regular
2,691,27,94.27359490986214,trend
2,692,34,39.02439024390244,regular
2,693,132,77.30646871686108,regular
2,694,139,80.6998939554613,regular
2,695,34,10.286320254506894,regular
2,696,22,85.47189819724285,new
2,697,85,10.71049840933192,regular
2,698,113,85.36585365853658,trend
2,699,125,20.46659597030753,regular
2,700,19,99.89395546129374,new
2,701,29,93.10710498409331,trend
2,702,28,7.317073170731707,regular
2,703,40,46.23541887592789,regular
2,704,79,88.97136797454931,trend
2,705,98,42.735949098621425,regular
2,706,23,27.889713679745494,regular
2,707,195,53.23435843054083,regular
2,708,93,11.346765641569458,regular
2,709,120,40.721102863202546,regular
2,710,71,95.01590668080594,trend
2,711,190,51.64369034994698,regular
2,712,141,23.117709437963946,regular
2,713,22,72.42841993637327,new
2,714,38,19.936373276776244,regular
2,715,143,45.91728525980912,regular
2,716,238,58.112407211028625,regular
2,717,78,21.951219512195124,regular
2,718,34,3.3934252386002126,regular
2,719,60,71.68610816542949,regular
2,720,26,87.91092258748674,trend
2,721,140,26.193001060445386,regular
2,722,38,5.514316012725344,regular
2,723,20,93.6373276776246,new
2,724,70,4.135737009544008,regular
2,725,21,8.695652173913043,new
2,726,21,8.907741251325557,new
2,727,287,19.51219512195122,regular
2,728,20,14.528101802757156,new
2,729,19,17.073170731707318,new
2,730,34,50.79533404029692,regular
2,731,74,82.50265111346765,trend
2,732,16,2.9692470837751856,new
2,733,92,29.268292682926827,regular
2,734,54,88.33510074231177,trend
2,735,46,68.29268292682927,regular
2,736,20,55.46129374337222,new
2,737,28,99.0455991516437,trend
2,738,133,65.7476139978791,regular
2,739,29,99.15164369034994,trend
2,740,17,3.6055143160127257,new
2,741,89,54.93107104984093,regular
2,742,22,89.39554612937434,new
2,743,30,37.11558854718982,regular
2,744,23,97.5609756097561,trend
2,745,54,98.93955461293743,trend
2,746,57,67.02014846235419,regular
2,747,230,75.18557794273595,regular
2,748,93,86.21420996818664,trend
2,749,264,32.44962884411453,regular
2,750,26,1.6967126193001063,regular
2,751,143,65.42948038176034,regular
2,752,61,16.755037115588546,regular
2,753,47,99.57582184517497,trend
2,754,29,24.072110286320257,regular
2,755,34,4.665959703075292,regular
2,756,91,49.41675503711559,regular
2,757,141,31.81336161187699,regular
2,758,310,40.402969247083774,regular
2,759,26,31.601272534464474,regular
2,760,36,49.09862142099682,regular
2,761,56,20.996818663838813,regular
2,762,18,59.80911983032874,new
2,763,105,77.62460233297985,regular
2,764,95,41.569459172852596,regular
2,765,17,70.51961823966066,new
2,766,154,67.33828207847296,regular
2,767,32,92.47083775185578,trend
2,768,54,47.50795334040297,regular
2,769,24,5.1961823966065745,regular
2,770,54,27.995758218451748,regular
2,771,63,74.44326617179216,regular
2,772,27,3.8176033934252387,regular
2,773,139,56.20360551431601,regular
2,774,192,34.88865323435843,regular
2,775,24,77.09437963944858,regular
2,776,86,82.6086956521739,trend
2,777,29,71.47401908801697,regular
2,778,58,56.83987274655355,regular
2,779,32,33.404029692470836,regular
2,780,48,96.18239660657476,trend
2,781,34,96.50053022269353,trend
2,782,131,12.83138918345705,regular
2,783,26,5.938494167550371,regular
2,784,35,28.63202545068929,regular
2,785,24,98.19724284199364,trend
2,786,96,78.15482502651113,regular
2,787,48,13.255567338282079,regular
2,788,218,35.418875927889715,regular
2,789,28,77.7306468716861,regular
2,790,179,15.800636267232237,regular
2,791,21,35.31283138918346,new
2,792,39,16.224814422057264,regular
2,793,46,31.919406150583246,regular
2,794,33,79.42735949098622,regular
2,795,128,27.67762460233298,regular
2,796,309,38.17603393425239,regular
2,797,23,13.467656415694593,regular
2,798,195,16.436903499469775,regular
2,799,19,82.39660657476139,new
2,800,24,48.88653234358431,regular
2,801,22,10.816542948038176,new
2,802,65,18.027571580063626,regular
2,803,29,1.378579003181336,regular
2,804,274,37.96394485683987,regular
2,805,244,26.935312831389187,regular
2,806,123,64.26299045599151,regular
2,807,171,38.60021208907741,regular
2,808,19,28.525980911983034,new
2,809,18,34.35843054082714,new
2,810,21,0.2120890774125133,new
2,811,18,6.044538706256628,new
2,812,16,2.863202545068929,new
2,813,26,3.4994697773064685,regular
2,814,31,43.47826086956522,regular
2,815,160,68.71686108165429,regular
2,816,19,1.9088016967126193,new
2,817,31,6.150583244962885,regular
2,818,18,20.572640509013787,new
2,819,23,29.798515376458113,regular
2,820,19,25.980911983032872,new
2,821,54,69.4591728525981,regular
2,822,22,37.857900318133616,new
2,823,158,60.6574761399788,regular
2,824,18,0.10604453870625664,new
2,825,123,15.1643690349947,regular
2,826,100,31.38918345705196,regular
2,827,23,68.18663838812301,regular
2,828,81,37.6458112407211,regular
2,829,56,53.87062566277837,regular
2,830,88,76.9883351007423,regular
2,831,63,78.04878048780488,regular
2,832,21,8.377518557794273,new
2,833,233,46.76564156945917,regular
2,834,44,87.38069989395547,trend
2,835,90,77.20042417815482,regular
2,836,43,91.9406150583245,trend
2,837,41,11.983032873807,regular
2,838,80,86.85047720042418,trend
2,839,49,24.17815482502651,regular
2,840,171,81.01802757158006,regular
2,841,25,56.52173913043478,regular
2,842,21,85.89607635206788,new
2,843,174,54.2948038176034,regular
2,844,71,69.88335100742312,regular
2,845,22,80.06362672322376,new
2,846,348,44.432661717921526,regular
2,847,129,51.74973488865323,regular
2,848,119,74.01908801696713,regular
2,849,17,44.75079533404029,new
2,850,43,88.12301166489925,trend
2,851,172,23.966065747614,regular
2,852,43,18.66383881230117,regular
2,853,37,2.014846235418876,regular
2,854,178,62.142099681866384,regular
2,855,19,65.32343584305409,new
2,856,22,41.78154825026511,new
2,857,20,9.862142099681867,new
2,858,17,72.8525980911983,new
2,859,34,21.73913043478261,regular
2,860,58,38.3881230116649,regular
2,861,35,29.692470837751856,regular
2,862,145,72.64050901378579,regular
2,863,86,20.784729586426298,regular
2,864,244,39.23647932131495,regular
2,865,59,12.30116648992577,regular
2,866,18,90.13785790031812,new
2,867,80,91.83457051961824,trend
2,868,185,52.70413573700954,regular
2,869,41,49.94697773064687,regular
2,870,236,62.77836691410392,regular
2,871,96,61.08165429480382,regular
2,872,60,9.650053022269352,regular
2,873,18,11.452810180275716,new
2,874,29,70.09544008483563,regular
2,875,75,93.95546129374337,trend
2,876,19,84.09331919406151,new
2,877,66,43.05408271474019,regular
2,878,110,71.79215270413573,regular
2,879,26,49.840933191940614,regular
2,880,309,22.057264050901377,regular
2,881,211,43.79639448568399,regular
2,882,112,66.80805938494167,regular
2,883,223,55.35524920466596,regular
2,884,37,63.73276776246023,regular
2,885,87,56.415694591728524,regular
2,886,193,53.34040296924708,regular
2,887,132,33.19194061505832,regular
2,888,18,66.2778366914104,new
2,889,287,53.65853658536586,regular
2,890,104,86.42629904559915,trend
2,891,42,36.79745493107105,regular
2,892,189,61.187698833510076,regular
2,893,52,14.316012725344645,regular
2,894,199,42.3117709437964,regular
2,895,18,74.86744432661719,new
2,896,315,36.691410392364794,regular
2,897,163,49.62884411452811,regular
2,898,26,62.67232237539767,regular
2,899,115,75.92788971367975,regular
2,900,38,57.582184517497346,regular
2,901,104,30.010604453870627,regular
2,902,42,84.41145281018028,trend
2,903,118,74.97348886532343,regular
2,904,42,18.345705196182397,regular
2,905,35,16.33085896076352,regular
2,906,36,24.60233297985154,regular
2,907,124,47.720042417815485,regular
2,908,59,96.28844114528103,trend
2,909,23,11.028632025450689,regular
2,910,48,81.86638388123012,regular
2,911,86,86.95652173913044,trend
2,912,47,94.69777306468717,trend
2,913,112,90.45599151643691,trend
2,914,17,41.251325556733825,new
2,915,22,67.86850477200424,new
2,916,277,41.88759278897137,regular
2,917,29,31.70731707317073,regular
2,918,83,58.32449628844114,regular
2,919,187,41.03923647932132,regular
2,920,21,61.39978791092259,new
2,921,88,34.994697773064686,regular
2,922,108,34.146341463414636,regular
2,923,65,20.360551431601273,regular
2,924,70,92.6829268292683,trend
2,925,26,4.7720042417815485,regular
2,926,16,60.76352067868505,new
2,927,100,12.195121951219512,regular
2,928,26,83.77518557794274,trend
2,929,44,99.25768822905621,trend
2,930,56,46.34146341463415,regular
2,931,54,51.855779427359494,regular
2,932,205,60.97560975609756,regular
2,933,164,44.53870625662778,regular
2,934,149,65.64156945917286,regular
2,935,33,28.101802757158005,regular
2,936,116,22.375397667020145,regular
2,937,32,68.50477200424177,regular
2,938,97,10.07423117709438,regular
2,939,41,13.149522799575822,regular
2,940,91,82.71474019088016,trend
2,941,18,66.06574761399789,new
2,942,71,87.48674443266172,trend
2,943,150,37.32767762460234,regular
3,1,216,47.720042417815485,regular
3,2,51,74.01908801696713,regular
3,3,48,11.028632025450689,regular
3,4,20,30.75291622481442,new
3,5,152,20.572640509013787,regular
3,6,184,82.71474019088016,trend
3,7,341,39.76670201484623,regular
3,8,48,62.3541887592789,regular
3,9,19,88.33510074231177,new
3,10,151,79.63944856839873,regular
3,11,159,40.29692470837752,regular
3,12,45,87.16861081654295,trend
3,13,530,26.08695652173913,regular
3,14,84,89.7136797454931,trend
3,15,92,14.422057264050903,regular
3,16,114,78.26086956521739,regular
3,17,25,38.60021208907741,regular
3,18,239,67.65641569459173,regular
3,19,18,49.62884411452811,new
3,20,43,66.59597030752916,regular
3,21,150,7.84729586426299,regular
3,22,113,25.980911983032872,regular
3,23,131,72.42841993637327,regular
3,24,61,79.53340402969246,regular
3,25,69,87.48674443266172,trend
3,26,89,17.073170731707318,regular
3,27,22,37.433722163308595,new
3,28,70,58.430540827147404,regular
3,29,30,53.34040296924708,regular
3,30,38,28.63202545068929,regular
3,31,29,56.62778366914104,regular
3,32,36,51.74973488865323,regular
3,33,20,0.10604453870625664,new
3,34,17,1.6967126193001063,new
3,35,21,0.9544008483563097,new
3,36,16,4.559915164369035,new
3,37,50,35.100742311770944,regular
3,38,106,14.74019088016967,regular
3,39,20,46.87168610816543,new
3,40,31,39.23647932131495,regular
3,41,43,97.66702014846236,trend
3,42,157,48.88653234358431,regular
3,43,191,43.47826086956522,regular
3,44,131,71.79215270413573,regular
3,45,43,19.51219512195122,regular
3,46,23,82.07847295864264,regular
3,47,22,16.01272534464475,new
3,48,56,94.90986214209968,trend
3,49,185,23.435843054082714,regular
3,50,21,35.52492046659597,new
3,51,19,99.25768822905621,new
3,52,49,65.21739130434783,regular
3,53,25,74.76139978791092,regular
3,54,54,48.35630965005302,regular
3,55,19,78.36691410392365,new
3,56,164,29.90455991516437,regular
3,57,90,19.406150583244962,regular
3,58,126,85.04772004241782,trend
3,59,330,49.73488865323436,regular
3,60,182,70.30752916224814,regular
3,61,19,2.2269353128313893,new
3,62,192,56.52173913043478,regular
3,63,77,23.01166489925769,regular
3,64,170,67.76246023329799,regular
3,65,68,79.95758218451749,regular
3,66,31,53.87062566277837,regular
3,67,26,5.408271474019088,regular
3,68,30,19.300106044538705,regular
3,69,55,72.53446447507953,regular
3,70,114,46.447507953340406,regular
3,71,33,98.30328738069989,trend
3,72,113,75.60975609756098,regular
3,73,57,85.68398727465537,trend
3,74,34,72.8525980911983,regular
3,75,69,10.07423117709438,regular
3,76,68,67.02014846235419,regular
3,77,62,96.8186638388123,trend
3,78,19,1.166489925768823,new
3,79,44,70.20148462354189,regular
3,80,25,93.74337221633085,trend
3,81,48,41.569459172852596,regular
3,82,148,55.991516436903495,regular
3,83,129,13.57370095440085,regular
3,84,59,27.889713679745494,regular
3,85,253,63.62672322375398,regular
3,86,19,4.029692470837752,new
3,87,172,28.950159066808055,regular
3,88,17,64.58112407211028,new
3,89,65,32.87380699893955,regular
3,90,247,69.77730646871686,regular
3,91,86,90.2439024390244,trend
3,92,330,20.0424178154825,regular
3,93,17,9.968186638388122,new
3,94,349,33.93425238600212,regular
3,95,235,44.75079533404029,regular
3,96,46,98.62142099681867,trend
3,97,52,95.1219512195122,trend
3,98,23,34.57051961823966,regular
3,99,116,24.708377518557796,regular
3,100,48,14.528101802757156,regular
3,101,56,11.240721102863201,regular
3,102,185,22.26935312831389,regular
3,103,25,84.94167550371155,trend
3,104,94,19.618239660657476,regular
3,105,21,61.39978791092259,new
3,106,55,71.04984093319194,regular
3,107,19,17.6033934252386,new
3,108,30,43.69034994697773,regular
3,109,201,27.67762460233298,regular
3,110,108,15.906680805938494,regular
3,111,21,86.63838812301167,new
3,112,35,23.647932131495228,regular
3,113,43,26.723223753976672,regular
3,114,42,96.18239660657476,trend
3,115,79,80.27571580063628,regular
3,116,111,32.0254506892895,regular
3,117,75,52.17391304347826,regular
3,118,59,80.48780487804879,regular
3,119,150,35.63096500530223,regular
3,120,23,56.733828207847296,regular
3,121,61,86.74443266171792,trend
3,122,51,62.24814422057264,regular
3,123,45,93.21314952279958,trend
3,124,20,99.46977730646871,new
3,125,160,48.14422057264051,regular
3,126,37,42.62990455991517,regular
3,127,21,24.60233297985154,new
3,128,160,50.58324496288441,regular
3,129,27,41.145281018027575,regular
3,130,287,20.890774125132555,regular
3,131,25,89.92576882290561,trend
3,132,20,95.22799575821846,new
3,133,22,61.717921527041355,new
3,134,22,23.753976670201485,new
3,135,47,32.237539766702014,regular
3,136,30,91.72852598091198,trend
3,137,40,41.993637327677625,regular
3,138,45,94.06150583244963,trend
3,139,19,49.41675503711559,new
3,140,18,6.150583244962885,new
3,141,95,10.604453870625663,regular
3,142,28,59.490986214209975,regular
3,143,18,46.02332979851538,new
3,144,178,61.50583244962884,regular
3,145,273,18.769883351007426,regular
3,146,21,76.45811240721103,new
3,147,17,74.12513255567337,new
3,148,53,89.60763520678685,trend
3,149,29,11.983032873807,regular
3,150,28,68.39872746553553,regular
3,151,264,58.96076352067868,regular
3,152,87,30.858960763520678,regular
3,153,21,96.39448568398727,new
3,154,44,93.31919406150583,trend
3,155,18,0.6362672322375398,new
3,156,32,94.16755037115588,trend
3,157,42,55.143160127253445,regular
3,158,150,42.09968186638388,regular
3,159,94,5.1961823966065745,regular
3,160,103,66.2778366914104,regular
3,161,47,91.41039236479321,trend
3,162,35,60.76352067868505,regular
3,163,20,97.13679745493107,new
3,164,52,9.544008483563097,regular
3,165,26,81.6542948038176,regular
3,166,18,3.711558854718982,new
3,167,54,42.3117709437964,regular
3,168,62,9.225874867444327,regular
3,169,32,88.86532343584305,trend
3,170,20,1.378579003181336,new
3,171,25,82.39660657476139,trend
3,172,22,76.9883351007423,new
3,173,38,3.4994697773064685,regular
3,174,156,24.17815482502651,regular
3,175,32,97.03075291622481,trend
3,176,54,40.402969247083774,regular
3,177,100,72.32237539766702,regular
3,178,238,41.46341463414634,regular
3,179,35,54.2948038176034,regular
3,180,52,53.552492046659594,regular
3,181,274,8.48356309650053,regular
3,182,24,90.45599151643691,trend
3,183,46,30.3287380699894,regular
3,184,206,58.74867444326617,regular
3,185,42,90.88016967126194,trend
3,186,72,12.30116648992577,regular
3,187,47,81.86638388123012,regular
3,188,99,68.9289501590668,regular
3,189,160,76.56415694591729,regular
3,190,51,10.71049840933192,regular
3,191,23,69.88335100742312,regular
3,192,29,67.86850477200424,regular
3,193,108,17.391304347826086,regular
3,194,271,46.553552492046656,regular
3,195,79,28.207847295864262,regular
3,196,33,34.146341463414636,regular
3,197,105,30.010604453870627,regular
3,198,154,65.7476139978791,regular
3,199,34,31.38918345705196,regular
3,200,183,29.798515376458113,regular
3,201,335,46.23541887592789,regular
3,202,18,98.93955461293743,new
3,203,37,13.255567338282079,regular
3,204,38,69.98939554612937,regular
3,205,20,52.70413573700954,new
3,206,48,36.37327677624602,regular
3,207,186,40.19088016967126,regular
3,208,29,55.67338282078473,regular
3,209,29,74.65535524920467,regular
3,210,116,62.67232237539767,regular
3,211,32,69.67126193001062,regular
3,212,20,97.24284199363733,new
3,213,108,73.38282078472959,regular
3,214,108,90.56203605514315,trend
3,215,79,91.1983032873807,trend
3,216,116,68.61081654294804,regular
3,217,68,30.22269353128314,regular
3,218,46,79.00318133616119,regular
3,219,24,30.116648992576884,regular
3,220,19,14.316012725344645,new
3,221,126,33.72216330858961,regular
3,222,341,20.784729586426298,regular
3,223,92,11.452810180275716,regular
3,224,123,20.67868504772004,regular
3,225,21,96.50053022269353,new
3,226,44,84.19936373276776,trend
3,227,50,29.268292682926827,regular
3,228,19,97.5609756097561,new
3,229,27,73.91304347826086,regular
3,230,113,65.42948038176034,regular
3,231,18,75.71580063626723,new
3,232,78,93.6373276776246,trend
3,233,97,89.81972428419937,trend
3,234,358,44.962884411452805,regular
3,235,77,86.85047720042418,trend
3,236,104,82.50265111346765,trend
3,237,42,98.09119830328738,trend
3,238,25,6.468716861081654,regular
3,239,131,83.24496288441145,trend
3,240,20,19.19406150583245,new
3,241,21,52.8101802757158,new
3,242,16,34.4644750795334,new
3,243,68,59.38494167550371,regular
3,244,202,29.16224814422057,regular
3,245,19,39.660657476139974,new
3,246,174,24.496288441145282,regular
3,247,21,88.22905620360551,new
3,248,48,92.57688229056204,trend
3,249,139,67.55037115588547,regular
3,250,105,66.17179215270413,regular
3,251,69,64.15694591728526,regular
3,252,17,78.57900318133616,new
3,253,79,79.74549310710498,regular
3,254,128,36.90349946977731,regular
3,255,75,5.302226935312832,regular
3,256,173,17.709437963944858,regular
3,257,46,59.80911983032874,regular
3,258,20,41.03923647932132,new
3,259,39,76.7762460233298,regular
3,260,19,11.558854718981973,new
3,261,23,0.5302226935312832,regular
3,262,136,38.70625662778367,regular
3,263,101,92.15270413573701,trend
3,264,96,51.961823966065744,regular
3,265,40,32.97985153764581,regular
3,266,21,70.83775185577943,new
3,267,160,42.20572640509014,regular
3,268,289,24.284199363732768,regular
3,269,285,49.09862142099682,regular
3,270,114,32.44962884411453,regular
3,271,241,68.18663838812301,regular
3,272,43,97.98515376458113,trend
3,273,19,75.50371155885472,new
3,274,60,39.978791092258746,regular
3,275,85,55.037115588547195,regular
3,276,431,21.951219512195124,regular
3,277,46,58.006362672322375,regular
3,278,20,93.84941675503711,new
3,279,352,21.314952279957584,regular
3,280,227,27.25344644750795,regular
3,281,23,1.0604453870625663,regular
3,282,20,10.922587486744433,new
3,283,45,64.050901378579,regular
3,284,42,33.19194061505832,regular
3,285,27,94.3796394485684,trend
3,286,236,34.35843054082714,regular
3,287,52,64.7932131495228,regular
3,288,61,92.89501590668081,trend
3,289,24,14.103923647932131,regular
3,290,132,49.20466595970308,regular
3,291,245,19.830328738069987,regular
3,292,109,78.15482502651113,regular
3,293,345,37.53976670201485,regular
3,294,130,10.392364793213149,regular
3,295,166,43.266171792152704,regular
3,296,123,83.45705196182396,trend
3,297,160,68.50477200424177,regular
3,298,111,80.6998939554613,regular
3,299,237,57.05196182396607,regular
3,300,17,2.545068928950159,new
3,301,236,33.085896076352064,regular
3,302,17,0.3181336161187699,new
3,303,392,27.041357370095444,regular
3,304,21,8.16542948038176,new
3,305,184,70.09544008483563,regular
3,306,26,28.31389183457052,regular
3,307,97,76.13997879109226,regular
3,308,339,52.49204665959704,regular
3,309,17,13.149522799575822,new
3,310,16,84.72958642629904,new
3,311,246,45.387062566277834,regular
3,312,191,77.83669141039236,regular
3,313,233,53.65853658536586,regular
3,314,194,14.209968186638388,regular
3,315,73,82.29056203605515,trend
3,316,67,92.78897136797455,trend
3,317,20,1.9088016967126193,new
3,318,152,36.16118769883351,regular
3,319,19,17.921527041357372,new
3,320,128,17.815482502651115,regular
3,321,108,86.53234358430541,trend
3,322,44,97.77306468716861,trend
3,323,79,57.582184517497346,regular
3,324,58,10.286320254506894,regular
3,325,116,83.77518557794274,trend
3,326,168,70.4135737009544,regular
3,327,249,56.20360551431601,regular
3,328,244,42.735949098621425,regular
3,329,58,89.28950159066808,trend
3,330,116,54.82502651113468,regular
3,331,58,63.94485683987274,regular
3,332,155,17.28525980911983,regular
3,333,22,90.13785790031812,new
3,334,280,54.612937433722166,regular
3,335,18,7.635206786850477,new
3,336,115,11.346765641569458,regular
3,337,29,31.81336161187699,regular
3,338,62,87.8048780487805,trend
3,339,212,67.2322375397667,regular
3,340,36,80.38176033934252,regular
3,341,17,0.7423117709437964,new
3,342,178,44.432661717921526,regular
3,343,202,60.127253446447504,regular
3,344,165,62.884411452810184,regular
3,345,203,41.88759278897137,regular
3,346,174,37.857900318133616,regular
3,347,179,32.66171792152704,regular
3,348,51,9.862142099681867,regular
3,349,37,7.104984093319194,regular
3,350,43,98.5153764581124,trend
3,351,38,5.726405090137858,regular
3,352,36,95.54612937433721,trend
3,353,22,60.44538706256628,new
3,354,195,73.48886532343585,regular
3,355,18,4.7720042417815485,new
3,356,19,71.898197242842,new
3,357,66,6.998939554612937,regular
3,358,32,70.94379639448569,regular
3,359,24,21.42099681866384,regular
3,360,88,86.21420996818664,trend
3,361,107,68.29268292682927,regular
3,362,22,14.634146341463413,new
3,363,275,35.31283138918346,regular
3,364,17,2.863202545068929,new
3,365,51,36.267232237539766,regular
3,366,27,28.419936373276776,regular
3,367,50,38.282078472958645,regular
3,368,37,76.24602332979852,regular
3,369,19,88.65323435843054,new
3,370,65,91.09225874867445,trend
3,371,43,95.75821845174973,trend
3,372,56,26.511134676564158,regular
3,373,202,53.446447507953344,regular
3,374,243,24.814422057264053,regular
3,375,25,45.28101802757158,regular
3,376,27,70.73170731707317,regular
3,377,28,66.70201484623541,regular
3,378,328,28.844114528101805,regular
3,379,158,69.4591728525981,regular
3,380,138,81.97242841993638,regular
3,381,108,51.64369034994698,regular
3,382,45,83.56309650053022,trend
3,383,60,95.65217391304348,trend
3,384,19,66.80805938494167,new
3,385,239,58.85471898197243,regular
3,386,21,59.06680805938495,new
3,387,269,45.06892895015906,regular
3,388,45,27.465535524920465,regular
3,389,240,52.59809119830329,regular
3,390,27,63.52067868504771,regular
3,391,108,79.85153764581125,regular
3,392,94,74.44326617179216,regular
3,393,379,18.981972428419937,regular
3,394,131,31.17709437963945,regular
3,395,50,77.51855779427359,regular
3,396,48,4.3478260869565215,regular
3,397,82,90.77412513255567,trend
3,398,154,71.68610816542949,regular
3,399,257,22.163308589607635,regular
3,400,19,7.211028632025451,new
3,401,137,69.24708377518559,regular
3,402,59,80.16967126193,regular
3,403,41,47.40190880169671,regular
3,404,39,16.33085896076352,regular
3,405,463,21.633085896076352,regular
3,406,293,57.90031813361611,regular
3,407,198,57.476139978791096,regular
3,408,24,48.78048780487805,regular
3,409,159,79.32131495227995,regular
3,410,25,59.27889713679746,regular
3,411,49,86.3202545068929,trend
3,412,44,83.98727465535525,trend
3,413,44,31.919406150583246,regular
3,414,21,71.58006362672322,new
3,415,20,85.25980911983034,new
3,416,418,26.82926829268293,regular
3,417,317,25.556733828207847,regular
3,418,17,82.92682926829268,new
3,419,28,94.80381760339343,trend
3,420,31,87.38069989395547,trend
3,421,55,96.60657476139978,trend
3,422,84,22.799575821845174,regular
3,423,55,40.8271474019088,regular
3,424,39,32.13149522799576,regular
3,425,178,41.35737009544008,regular
3,426,84,89.18345705196182,trend
3,427,26,13.891834570519618,regular
3,428,47,18.133616118769883,regular
3,429,361,37.22163308589608,regular
3,430,55,84.30540827147401,trend
3,431,17,7.317073170731707,new
3,432,54,37.32767762460234,regular
3,433,35,71.3679745493107,regular
3,434,35,10.498409331919406,regular
3,435,325,23.860021208907742,regular
3,436,118,35.949098621421,regular
3,437,216,51.855779427359494,regular
3,438,26,33.51007423117709,regular
3,439,26,29.374337221633084,regular
3,440,40,47.295864262990456,regular
3,441,16,13.467656415694593,new
3,442,116,23.223753976670203,regular
3,443,21,15.588547189819725,new
3,444,20,85.47189819724285,new
3,445,109,47.50795334040297,regular
3,446,31,7.423117709437964,regular
3,447,120,47.61399787910923,regular
3,448,31,27.995758218451748,regular
3,449,61,45.91728525980912,regular
3,450,448,36.05514316012725,regular
3,451,82,4.878048780487805,regular
3,452,166,73.17073170731707,regular
3,453,132,49.94697773064687,regular
3,454,196,64.36903499469777,regular
3,455,168,49.310710498409335,regular
3,456,185,49.52279957582185,regular
3,457,227,48.25026511134676,regular
3,458,152,75.18557794273595,regular
3,459,99,15.058324496288442,regular
3,460,58,51.537645811240715,regular
3,461,21,61.08165429480382,new
3,462,27,25.13255567338282,regular
3,463,113,29.5864262990456,regular
3,464,43,59.1728525980912,regular
3,465,66,94.69777306468717,trend
3,466,83,57.15800636267232,regular
3,467,39,76.35206786850478,regular
3,468,124,73.70095440084835,regular
3,469,37,87.69883351007424,trend
3,470,48,40.084835630965,regular
3,471,28,47.08377518557794,regular
3,472,225,18.451749734888654,regular
3,473,28,78.4729586426299,regular
3,474,283,70.51961823966066,regular
3,475,18,99.89395546129374,new
3,476,69,17.17921527041357,regular
3,477,31,6.892895015906681,regular
3,478,100,52.91622481442205,regular
3,479,181,54.93107104984093,regular
3,480,51,99.0455991516437,trend
3,481,48,81.12407211028632,regular
3,482,20,35.2067868504772,new
3,483,46,71.15588547189819,regular
3,484,120,53.23435843054083,regular
3,485,23,16.64899257688229,regular
3,486,149,20.14846235418876,regular
3,487,192,40.50901378579003,regular
3,488,131,78.04878048780488,regular
3,489,93,9.43796394485684,regular
3,490,48,64.47507953340403,regular
3,491,28,80.59384941675503,regular
3,492,48,93.95546129374337,trend
3,493,114,70.62566277836692,regular
3,494,40,89.50159066808058,trend
3,495,185,32.555673382820785,regular
3,496,113,60.86956521739131,regular
3,497,239,20.46659597030753,regular
3,498,126,84.83563096500531,trend
3,499,89,85.89607635206788,trend
3,500,184,38.812301166489924,regular
3,501,58,12.937433722163307,regular
3,502,33,1.5906680805938493,regular
3,503,134,74.86744432661719,regular
3,504,211,26.193001060445386,regular
3,505,92,61.29374337221633,regular
3,506,205,31.495227995758217,regular
3,507,48,16.224814422057264,regular
3,508,77,81.01802757158006,regular
3,509,28,3.0752916224814424,regular
3,510,26,0.4241781548250266,regular
3,511,20,6.044538706256628,new
3,512,16,100.0,new
3,513,20,66.38388123011664,new
3,514,163,77.62460233297985,regular
3,515,33,11.664899257688228,regular
3,516,19,94.59172852598091,new
3,517,32,46.34146341463415,regular
3,518,61,11.770943796394485,regular
3,519,34,13.997879109225874,regular
3,520,19,46.76564156945917,new
3,521,123,57.37009544008483,regular
3,522,26,96.71261930010604,trend
3,523,87,43.05408271474019,regular
3,524,258,54.5068928950159,regular
3,525,47,18.027571580063626,regular
3,526,61,44.008483563096505,regular
3,527,120,86.95652173913044,trend
3,528,46,77.20042417815482,regular
3,529,36,2.9692470837751856,regular
3,530,38,91.30434782608695,trend
3,531,26,7.953340402969247,regular
3,532,219,42.84199363732768,regular
3,533,215,51.21951219512195,regular
3,534,68,6.362672322375397,regular
3,535,184,74.23117709437965,regular
3,536,146,60.97560975609756,regular
3,537,424,45.705196182396605,regular
3,538,70,90.98621420996818,trend
3,539,47,88.97136797454931,trend
3,540,52,12.513255567338282,regular
3,541,109,28.101802757158005,regular
3,542,121,65.95970307529161,regular
3,543,150,60.33934252386002,regular
3,544,28,3.2873806998939554,regular
3,545,145,29.692470837751856,regular
3,546,50,32.34358430540827,regular
3,547,20,62.77836691410392,new
3,548,126,46.129374337221634,regular
3,549,21,76.033934252386,new
3,550,34,23.54188759278897,regular
3,551,261,34.252386002120886,regular
3,552,74,14.846235418875928,regular
3,553,88,93.4252386002121,trend
3,554,97,48.46235418875928,regular
3,555,46,54.718981972428416,regular
3,556,37,92.6829268292683,trend
3,557,47,43.37221633085896,regular
3,558,17,63.41463414634146,new
3,559,61,77.94273594909862,regular
3,560,86,55.35524920466596,regular
3,561,284,50.90137857900318,regular
3,562,65,81.54825026511135,regular
3,563,26,15.270413573700955,regular
3,564,28,66.06574761399789,regular
3,565,27,52.27995758218452,regular
3,566,125,65.5355249204666,regular
3,567,133,83.35100742311771,trend
3,568,67,88.12301166489925,trend
3,569,62,29.48038176033934,regular
3,570,20,4.984093319194061,new
3,571,17,98.83351007423119,new
3,572,18,36.691410392364794,new
3,573,43,94.48568398727465,trend
3,574,38,67.33828207847296,regular
3,575,23,99.15164369034994,trend
3,576,31,49.840933191940614,regular
3,577,160,42.52386002120891,regular
3,578,20,12.83138918345705,new
3,579,64,67.12619300106044,regular
3,580,40,19.088016967126194,regular
3,581,23,94.27359490986214,trend
3,582,56,13.679745493107104,regular
3,583,23,92.04665959703075,trend
3,584,20,58.112407211028625,new
3,585,56,50.37115588547189,regular
3,586,148,24.072110286320257,regular
3,587,85,8.271474019088016,regular
3,588,190,34.78260869565217,regular
3,589,39,6.786850477200425,regular
3,590,39,50.47720042417816,regular
3,591,70,62.142099681866384,regular
3,592,275,51.007423117709436,regular
3,593,133,50.68928950159067,regular
3,594,20,95.01590668080594,new
3,595,79,15.37645811240721,regular
3,596,18,44.114528101802755,new
3,597,33,30.434782608695656,regular
3,598,22,15.1643690349947,new
3,599,40,4.135737009544008,regular
3,600,78,41.78154825026511,regular
3,601,133,59.703075291622476,regular
3,602,25,21.208907741251327,regular
3,603,41,77.41251325556733,regular
3,604,24,72.1102863202545,regular
3,605,76,69.03499469777307,regular
3,606,198,54.40084835630965,regular
3,607,33,88.7592788971368,trend
3,608,131,67.9745493107105,regular
3,609,24,25.768822905620357,regular
3,610,63,95.44008483563097,trend
3,611,35,51.431601272534465,regular
3,612,24,56.83987274655355,regular
3,613,24,99.57582184517497,trend
3,614,34,8.059384941675503,regular
3,615,87,71.26193001060446,regular
3,616,36,9.650053022269352,regular
3,617,92,61.93001060445387,regular
3,618,187,59.91516436903499,regular
3,619,80,22.693531283138917,regular
3,620,95,22.057264050901377,regular
3,621,143,20.360551431601273,regular
3,622,186,44.53870625662778,regular
3,623,38,83.13891834570519,trend
3,624,117,26.299045599151643,regular
3,625,89,65.32343584305409,regular
3,626,29,23.329798515376456,regular
3,627,154,37.11558854718982,regular
3,628,22,34.676564156945915,new
3,629,101,73.27677624602333,regular
3,630,93,41.251325556733825,regular
3,631,17,43.16012725344645,new
3,632,103,81.44220572640509,regular
3,633,50,57.79427359490986,regular
3,634,117,24.920466595970307,regular
3,635,30,8.907741251325557,regular
3,636,18,85.79003181336161,new
3,637,85,20.996818663838813,regular
3,638,58,68.82290562036056,regular
3,639,132,62.03605514316013,regular
3,640,97,53.97667020148462,regular
3,641,35,89.39554612937434,trend
3,642,265,18.345705196182397,regular
3,643,178,55.24920466595971,regular
3,644,35,23.117709437963946,regular
3,645,107,80.9119830328738,regular
3,646,32,7.741251325556734,regular
3,647,51,26.935312831389187,regular
3,648,261,28.525980911983034,regular
3,649,21,56.9459172852598,new
3,650,263,44.85683987274655,regular
3,651,19,72.74655355249205,new
3,652,20,2.757158006362672,new
3,653,253,38.3881230116649,regular
3,654,123,58.64262990455992,regular
3,655,497,34.04029692470838,regular
3,656,20,39.87274655355249,new
3,657,26,50.79533404029692,regular
3,658,60,88.44114528101802,trend
3,659,160,65.64156945917286,regular
3,660,198,37.009544008483566,regular
3,661,100,87.0625662778367,trend
3,662,16,92.47083775185578,new
3,663,137,47.932131495228,regular
3,664,145,69.56521739130434,regular
3,665,127,52.38600212089077,regular
3,666,205,74.5493107104984,regular
3,667,41,97.34888653234358,trend
3,668,40,20.254506892895016,regular
3,669,84,93.00106044538707,trend
3,670,40,87.59278897136798,trend
3,671,106,25.874867444326615,regular
3,672,26,31.071049840933192,regular
3,673,29,75.0795334040297,regular
3,674,35,46.65959703075291,regular
3,675,24,77.30646871686108,regular
3,676,66,77.7306468716861,regular
3,677,44,5.620360551431601,regular
3,678,24,84.09331919406151,trend
3,679,55,86.10816542948038,trend
3,680,33,86.00212089077412,trend
3,681,19,5.090137857900318,new
3,682,326,22.58748674443266,regular
3,683,63,39.02439024390244,regular
3,684,75,40.93319194061506,regular
3,685,18,14.952279957582185,new
3,686,61,96.28844114528103,trend
3,687,19,3.8176033934252387,new
3,688,20,3.923647932131495,new
3,689,29,21.73913043478261,regular
3,690,103,33.29798515376458,regular
3,691,27,79.42735949098622,regular
3,692,34,38.49416755037115,regular
3,693,132,75.2916224814422,regular
3,694,139,81.23011664899258,regular
3,695,34,8.695652173913043,regular
3,696,22,84.41145281018028,new
3,697,88,11.134676564156946,regular
3,698,113,82.6086956521739,trend
3,699,126,27.1474019088017,regular
3,700,19,99.68186638388123,new
3,701,30,91.51643690349947,trend
3,702,28,3.1813361611876987,regular
3,703,40,42.417815482502654,regular
3,704,79,84.6235418875928,trend
3,705,99,45.81124072110286,regular
3,706,26,50.05302226935313,regular
3,707,195,54.18875927889714,regular
3,708,93,9.11983032873807,regular
3,709,120,38.91834570519618,regular
3,710,72,93.10710498409331,trend
3,711,189,52.06786850477201,regular
3,712,141,22.481442205726403,regular
3,713,22,82.18451749734889,new
3,714,39,16.861081654294804,regular
3,715,145,45.59915164369035,regular
3,716,240,60.6574761399788,regular
3,717,78,16.436903499469775,regular
3,718,34,4.453870625662779,regular
3,719,60,61.82396606574761,regular
3,720,26,88.54718981972428,trend
3,721,142,30.54082714740191,regular
3,722,38,3.6055143160127257,regular
3,723,19,96.07635206786851,new
3,724,70,4.665959703075292,regular
3,725,21,11.876988335100743,new
3,726,21,6.574761399787911,new
3,727,287,19.724284199363733,regular
3,728,22,6.680805938494168,new
3,729,19,12.407211028632027,new
3,730,32,65.85365853658537,regular
3,731,74,79.2152704135737,regular
3,732,18,1.2725344644750796,new
3,733,87,26.4050901378579,regular
3,734,53,86.42629904559915,trend
3,735,45,58.32449628844114,regular
3,736,20,21.845174973488866,new
3,737,29,98.40933191940616,trend
3,738,133,72.21633085896076,regular
3,739,30,98.19724284199364,trend
3,740,17,9.013785790031813,new
3,741,89,55.567338282078474,regular
3,742,21,89.07741251325557,new
3,743,30,27.359490986214208,regular
3,744,23,95.97030752916224,trend
3,745,54,98.72746553552491,trend
3,746,57,66.91410392364793,regular
3,747,250,68.71686108165429,regular
3,748,93,88.01696712619301,trend
3,749,263,35.418875927889715,regular
3,750,30,2.332979851537646,regular
3,751,142,54.08271474019089,regular
3,752,61,25.23860021208908,regular
3,753,47,99.36373276776246,trend
3,754,30,25.026511134676564,regular
3,755,34,1.8027571580063628,regular
3,756,91,48.67444326617179,regular
3,757,140,24.390243902439025,regular
3,758,312,40.61505832449629,regular
3,759,27,13.043478260869565,regular
3,760,36,55.77942735949099,regular
3,761,57,21.10286320254507,regular
3,762,18,55.885471898197245,new
3,763,106,72.95864262990456,regular
3,764,95,51.11346765641569,regular
3,765,18,72.64050901378579,new
3,766,154,69.14103923647932,regular
3,767,32,91.9406150583245,trend
3,768,57,55.46129374337222,regular
3,769,21,5.938494167550371,new
3,770,55,26.617179215270415,regular
3,771,56,60.021208907741254,regular
3,772,28,16.96712619300106,regular
3,773,139,50.26511134676564,regular
3,774,190,34.88865323435843,regular
3,775,24,60.55143160127253,regular
3,776,87,78.68504772004242,regular
3,777,30,73.80699893955462,regular
3,778,58,56.09756097560976,regular
3,779,32,28.738069989395548,regular
3,780,47,95.864262990456,trend
3,781,34,96.92470837751856,trend
3,782,128,12.089077412513255,regular
3,783,26,5.514316012725344,regular
3,784,35,48.568398727465535,regular
3,785,24,97.45493107104984,trend
3,786,95,79.10922587486743,regular
3,787,43,15.800636267232237,regular
3,788,218,39.44856839872747,regular
3,789,29,77.09437963944858,regular
3,790,181,16.118769883351007,regular
3,791,21,33.828207847295864,new
3,792,38,16.542948038176032,regular
3,793,41,13.785790031813361,regular
3,794,33,76.88229056203606,regular
3,795,127,27.783669141039237,regular
3,796,310,38.06998939554613,regular
3,797,20,7.529162248144221,new
3,798,196,18.23966065747614,regular
3,799,20,95.3340402969247,new
3,800,23,34.994697773064686,regular
3,801,22,10.180275715800637,new
3,802,66,22.90562036055143,regular
3,803,30,2.1208907741251326,regular
3,804,277,39.55461293743372,regular
3,805,244,29.056203605514312,regular
3,806,124,64.68716861081654,regular
3,807,171,38.17603393425239,regular
3,808,20,30.646871686108167,new
3,809,17,75.39766702014846,new
3,810,23,1.4846235418875928,regular
3,811,18,3.3934252386002126,new
3,812,15,6.256627783669141,new
3,813,26,4.241781548250265,regular
3,814,31,25.6627783669141,regular
3,815,158,61.187698833510076,regular
3,816,19,2.014846235418876,new
3,817,31,5.832449628844114,regular
3,818,16,66.48992576882291,new
3,819,22,47.1898197242842,new
3,820,19,44.64475079533404,new
3,821,55,74.97348886532343,regular
3,822,21,21.527041357370095,new
3,823,159,62.990455991516434,regular
3,824,18,0.2120890774125133,new
3,825,123,18.55779427359491,regular
3,826,99,39.34252386002121,regular
3,827,23,64.89925768822906,regular
3,828,87,37.6458112407211,regular
3,829,56,61.6118769883351,regular
3,830,88,80.06362672322376,regular
3,831,64,76.67020148462355,regular
3,832,21,0.8483563096500532,new
3,833,233,44.22057264050901,regular
3,834,43,81.33616118769883,regular
3,835,89,83.66914103923648,trend
3,836,42,92.25874867444327,trend
3,837,41,15.482502651113467,regular
3,838,81,85.15376458112407,trend
3,839,46,31.70731707317073,regular
3,840,173,80.80593849416755,regular
3,841,25,43.584305408271476,regular
3,842,22,82.82078472958642,new
3,843,173,53.022269353128316,regular
3,844,71,67.44432661717921,regular
3,845,20,57.68822905620361,new
3,846,350,45.17497348886532,regular
3,847,129,44.32661717921527,regular
3,848,120,74.33722163308589,regular
3,849,18,59.597030752916226,new
3,850,43,90.03181336161188,trend
3,851,171,30.965005302226935,regular
3,852,43,13.361611876988336,regular
3,853,36,2.651113467656416,regular
3,854,180,60.23329798515377,regular
3,855,19,65.11134676564157,new
3,856,22,27.571580063626723,new
3,857,20,8.8016967126193,new
3,858,17,78.89713679745493,new
3,859,32,8.589607635206786,regular
3,860,62,43.79639448568399,regular
3,861,35,23.966065747614,regular
3,862,143,73.5949098621421,regular
3,863,86,18.66383881230117,regular
3,864,261,33.404029692470836,regular
3,865,59,12.61930010604454,regular
3,866,18,81.76033934252386,new
3,867,80,90.66808059384942,trend
3,868,185,48.992576882290564,regular
3,869,41,45.49310710498409,regular
3,870,236,62.460233297985155,regular
3,871,96,68.08059384941676,regular
3,872,61,8.377518557794273,regular
3,873,18,2.4390243902439024,new
3,874,29,85.5779427359491,trend
3,875,75,91.83457051961824,trend
3,876,18,83.881230116649,new
3,877,65,46.977730646871684,regular
3,878,111,75.92788971367975,regular
3,879,26,48.038176033934256,regular
3,880,309,25.344644750795336,regular
3,881,212,37.96394485683987,regular
3,882,112,71.47401908801697,regular
3,883,224,57.26405090137858,regular
3,884,36,64.26299045599151,regular
3,885,88,53.76458112407211,regular
3,886,193,50.159066808059386,regular
3,887,132,33.61611876988335,regular
3,888,17,63.83881230116649,new
3,889,284,53.128313891834566,regular
3,890,105,84.51749734888652,trend
3,891,42,31.601272534464474,regular
3,892,189,63.0965005302227,regular
3,893,53,15.69459172852598,regular
3,894,198,42.94803817603394,regular
3,895,18,58.536585365853654,new
3,896,315,36.79745493107105,regular
3,897,163,51.3255567338282,regular
3,898,26,58.21845174973489,regular
3,899,115,69.35312831389183,regular
3,900,38,56.30965005302227,regular
3,901,103,32.7677624602333,regular
3,902,42,92.36479321314953,trend
3,903,118,72.00424178154825,regular
3,904,42,25.45068928950159,regular
3,905,34,18.87592788971368,regular
3,906,36,19.936373276776244,regular
3,907,123,39.130434782608695,regular
3,908,62,97.87910922587487,trend
3,909,23,10.816542948038176,regular
3,910,54,65.00530222693531,regular
3,911,86,87.27465535524921,trend
3,912,48,93.53128313891834,trend
3,913,111,91.62248144220572,trend
3,914,17,35.843054082714744,new
3,915,21,73.06468716861082,new
3,916,277,36.47932131495228,regular
3,917,30,31.283138918345703,regular
3,918,83,62.566277836691405,regular
3,919,188,35.73700954400849,regular
3,920,21,40.721102863202546,new
3,921,89,36.58536585365854,regular
3,922,108,41.675503711558854,regular
3,923,65,17.497348886532343,regular
3,924,70,90.34994697773064,trend
3,925,26,9.75609756097561,regular
3,926,17,78.79109225874868,new
3,927,101,12.195121951219512,regular
3,928,25,85.36585365853658,trend
3,929,43,99.78791092258749,trend
3,930,56,43.90243902439025,regular
3,931,54,63.73276776246023,regular
3,932,205,63.20254506892895,regular
3,933,165,47.82608695652174,regular
3,934,149,63.3085896076352,regular
3,935,32,16.755037115588546,regular
3,936,116,22.375397667020145,regular
3,937,32,75.82184517497349,regular
3,938,97,9.331919406150584,regular
3,939,40,12.725344644750795,regular
3,940,91,83.03287380699894,trend
3,941,18,56.415694591728524,new
3,942,70,87.91092258748674,trend
3,943,150,37.75185577942736,regular
4,1,219,50.79533404029692,regular
4,2,51,67.44432661717921,regular
4,3,49,15.1643690349947,regular
4,4,21,26.82926829268293,new
4,5,152,24.60233297985154,regular
4,6,184,84.19936373276776,trend
4,7,340,44.432661717921526,regular
4,8,48,71.15588547189819,regular
4,9,19,87.27465535524921,new
4,10,151,79.10922587486743,regular
4,11,159,30.22269353128314,regular
4,12,45,87.59278897136798,trend
4,13,530,25.45068928950159,regular
4,14,84,89.18345705196182,trend
4,15,92,12.937433722163307,regular
4,16,117,73.70095440084835,regular
4,17,25,34.252386002120886,regular
4,18,240,69.67126193001062,regular
4,19,18,48.35630965005302,new
4,20,43,71.47401908801697,regular
4,21,150,9.11983032873807,regular
4,22,113,22.057264050901377,regular
4,23,131,68.61081654294804,regular
4,24,60,84.30540827147401,trend
4,25,69,86.74443266171792,trend
4,26,89,14.528101802757156,regular
4,27,22,49.62884411452811,new
4,28,70,59.80911983032874,regular
4,29,31,20.254506892895016,regular
4,30,38,34.4644750795334,regular
4,31,29,56.52173913043478,regular
4,32,36,43.69034994697773,regular
4,33,21,0.5302226935312832,new
4,34,16,5.832449628844114,new
4,35,21,1.0604453870625663,new
4,36,16,3.923647932131495,new
4,37,49,51.74973488865323,regular
4,38,106,16.755037115588546,regular
4,39,20,77.62460233297985,new
4,40,29,20.890774125132555,regular
4,41,45,95.97030752916224,trend
4,42,157,37.6458112407211,regular
4,43,190,37.857900318133616,regular
4,44,132,69.88335100742312,regular
4,45,43,32.237539766702014,regular
4,46,22,89.28950159066808,new
4,47,22,8.8016967126193,new
4,48,56,91.1983032873807,trend
4,49,185,21.208907741251327,regular
4,50,22,25.026511134676564,new
4,51,19,97.77306468716861,new
4,52,49,64.26299045599151,regular
4,53,23,80.48780487804879,regular
4,54,54,50.90137857900318,regular
4,55,19,63.41463414634146,new
4,56,164,26.193001060445386,regular
4,57,91,29.374337221633084,regular
4,58,126,82.50265111346765,trend
4,59,332,52.70413573700954,regular
4,60,181,69.77730646871686,regular
4,61,19,2.014846235418876,new
4,62,207,47.50795334040297,regular
4,63,77,27.465535524920465,regular
4,64,171,67.9745493107105,regular
4,65,69,76.9883351007423,regular
4,66,32,42.52386002120891,regular
4,67,26,5.938494167550371,regular
4,68,31,54.2948038176034,regular
4,69,56,80.9119830328738,regular
4,70,115,42.417815482502654,regular
4,71,33,97.45493107104984,trend
4,72,112,76.56415694591729,regular
4,73,57,87.0625662778367,trend
4,74,34,73.27677624602333,regular
4,75,69,11.240721102863201,regular
4,76,68,64.36903499469777,regular
4,77,62,95.65217391304348,trend
4,78,19,1.166489925768823,new
4,79,49,70.4135737009544,regular
4,80,25,93.53128313891834,trend
4,81,49,29.268292682926827,regular
4,82,148,58.74867444326617,regular
4,83,129,12.30116648992577,regular
4,84,58,31.283138918345703,regular
4,85,254,61.29374337221633,regular
4,86,20,4.453870625662779,new
4,87,183,27.1474019088017,regular
4,88,17,45.59915164369035,new
4,89,65,50.26511134676564,regular
4,90,247,67.65641569459173,regular
4,91,86,86.85047720042418,trend
4,92,332,22.26935312831389,regular
4,93,18,11.664899257688228,new
4,94,349,34.57051961823966,regular
4,95,233,36.79745493107105,regular
4,96,47,99.46977730646871,trend
4,97,54,97.13679745493107,trend
4,98,24,32.555673382820785,regular
4,99,117,35.63096500530223,regular
4,100,48,27.25344644750795,regular
4,101,57,7.741251325556734,regular
4,102,183,27.571580063626723,regular
4,103,25,83.881230116649,trend
4,104,93,11.770943796394485,regular
4,105,21,61.717921527041355,new
4,106,55,76.13997879109226,regular
4,107,19,33.51007423117709,new
4,108,30,43.584305408271476,regular
4,109,202,24.708377518557796,regular
4,110,108,14.634146341463413,regular
4,111,22,61.82396606574761,new
4,112,36,38.49416755037115,regular
4,113,43,19.51219512195122,regular
4,114,42,97.03075291622481,trend
4,115,79,78.79109225874868,regular
4,116,120,48.038176033934256,regular
4,117,75,35.843054082714744,regular
4,118,59,81.33616118769883,regular
4,119,152,39.87274655355249,regular
4,120,23,55.143160127253445,regular
4,121,67,76.45811240721103,regular
4,122,51,69.4591728525981,regular
4,123,47,94.27359490986214,trend
4,124,21,97.66702014846236,new
4,125,160,47.720042417815485,regular
4,126,37,19.618239660657476,regular
4,127,21,13.785790031813361,new
4,128,159,54.40084835630965,regular
4,129,26,28.31389183457052,regular
4,130,284,19.300106044538705,regular
4,131,25,92.36479321314953,trend
4,132,20,98.93955461293743,new
4,133,23,56.09756097560976,regular
4,134,22,32.34358430540827,new
4,135,48,29.798515376458113,regular
4,136,29,91.62248144220572,trend
4,137,39,53.446447507953344,regular
4,138,45,86.95652173913044,trend
4,139,19,76.24602332979852,new
4,140,18,4.3478260869565215,new
4,141,95,12.407211028632027,regular
4,142,29,51.961823966065744,regular
4,143,18,46.02332979851538,new
4,144,178,65.64156945917286,regular
4,145,274,16.224814422057264,regular
4,146,24,58.006362672322375,regular
4,147,17,38.812301166489924,new
4,148,53,91.41039236479321,trend
4,149,31,22.481442205726403,regular
4,150,28,67.2322375397667,regular
4,151,266,59.06680805938495,regular
4,152,87,25.874867444326615,regular
4,153,21,92.6829268292683,new
4,154,43,96.07635206786851,trend
4,155,19,0.4241781548250266,new
4,156,31,95.3340402969247,trend
4,157,42,60.76352067868505,regular
4,158,151,43.16012725344645,regular
4,159,94,4.7720042417815485,regular
4,160,103,65.00530222693531,regular
4,161,48,95.44008483563097,trend
4,162,35,59.38494167550371,regular
4,163,20,96.60657476139978,new
4,164,51,11.452810180275716,regular
4,165,26,81.01802757158006,regular
4,166,18,18.66383881230117,new
4,167,54,51.21951219512195,regular
4,168,62,9.225874867444327,regular
4,169,32,88.01696712619301,trend
4,170,20,0.9544008483563097,new
4,171,24,53.022269353128316,regular
4,172,22,85.15376458112407,new
4,173,38,2.757158006362672,regular
4,174,157,18.027571580063626,regular
4,175,32,98.19724284199364,trend
4,176,54,32.7677624602333,regular
4,177,99,72.53446447507953,regular
4,178,238,43.266171792152704,regular
4,179,35,60.55143160127253,regular
4,180,52,60.021208907741254,regular
4,181,274,8.48356309650053,regular
4,182,24,90.45599151643691,trend
4,183,47,28.844114528101805,regular
4,184,204,60.127253446447504,regular
4,185,42,86.00212089077412,trend
4,186,72,14.952279957582185,regular
4,187,48,79.85153764581125,regular
4,188,100,64.7932131495228,regular
4,189,160,74.76139978791092,regular
4,190,51,13.57370095440085,regular
4,191,23,81.54825026511135,regular
4,192,30,59.703075291622476,regular
4,193,108,19.406150583244962,regular
4,194,256,35.949098621421,regular
4,195,79,31.919406150583246,regular
4,196,33,28.419936373276776,regular
4,197,105,30.965005302226935,regular
4,198,153,64.47507953340403,regular
4,199,34,20.572640509013787,regular
4,200,183,30.116648992576884,regular
4,201,335,47.932131495228,regular
4,202,18,98.40933191940616,new
4,203,37,39.23647932131495,regular
4,204,38,69.98939554612937,regular
4,205,20,34.88865323435843,new
4,206,48,37.96394485683987,regular
4,207,185,36.47932131495228,regular
4,208,29,53.76458112407211,regular
4,209,29,61.6118769883351,regular
4,210,115,64.68716861081654,regular
4,211,32,71.26193001060446,regular
4,212,20,98.72746553552491,new
4,213,109,72.95864262990456,regular
4,214,109,88.12301166489925,trend
4,215,84,85.68398727465537,trend
4,216,116,62.3541887592789,regular
4,217,68,27.359490986214208,regular
4,218,46,82.18451749734889,trend
4,219,24,26.299045599151643,regular
4,220,19,14.103923647932131,new
4,221,127,30.434782608695656,regular
4,222,341,20.0424178154825,regular
4,223,92,12.61930010604454,regular
4,224,123,16.01272534464475,regular
4,225,21,96.50053022269353,new
4,226,44,79.95758218451749,regular
4,227,50,32.0254506892895,regular
4,228,19,90.03181336161188,new
4,229,27,45.705196182396605,regular
4,230,114,74.33722163308589,regular
4,231,18,79.42735949098622,new
4,232,78,94.80381760339343,trend
4,233,97,85.89607635206788,trend
4,234,358,45.81124072110286,regular
4,235,77,90.98621420996818,trend
4,236,104,82.71474019088016,trend
4,237,42,97.98515376458113,trend
4,238,25,7.953340402969247,regular
4,239,131,84.6235418875928,trend
4,240,22,31.81336161187699,new
4,241,21,52.91622481442205,new
4,242,16,26.511134676564158,new
4,243,68,65.42948038176034,regular
4,244,203,33.19194061505832,regular
4,245,20,54.18875927889714,new
4,246,174,17.709437963944858,regular
4,247,21,93.74337221633085,new
4,248,47,92.57688229056204,trend
4,249,140,71.898197242842,regular
4,250,105,70.20148462354189,regular
4,251,69,63.94485683987274,regular
4,252,18,74.65535524920467,new
4,253,79,85.36585365853658,trend
4,254,140,34.04029692470838,regular
4,255,75,4.241781548250265,regular
4,256,172,19.19406150583245,regular
4,257,45,57.15800636267232,regular
4,258,21,37.009544008483566,new
4,259,39,58.85471898197243,regular
4,260,19,40.50901378579003,new
4,261,22,0.2120890774125133,new
4,262,135,36.16118769883351,regular
4,263,100,91.72852598091198,trend
4,264,96,54.5068928950159,regular
4,265,40,24.920466595970307,regular
4,266,20,80.27571580063628,new
4,267,158,42.09968186638388,regular
4,268,289,24.390243902439025,regular
4,269,285,51.64369034994698,regular
4,270,113,33.085896076352064,regular
4,271,241,65.32343584305409,regular
4,272,42,98.5153764581124,trend
4,273,19,81.86638388123012,new
4,274,59,29.692470837751856,regular
4,275,85,54.82502651113468,regular
4,276,432,19.830328738069987,regular
4,277,47,48.78048780487805,regular
4,278,20,95.01590668080594,new
4,279,352,17.073170731707318,regular
4,280,228,25.556733828207847,regular
4,281,23,0.7423117709437964,regular
4,282,19,15.270413573700955,new
4,283,45,58.430540827147404,regular
4,284,42,26.4050901378579,regular
4,285,28,93.84941675503711,trend
4,286,236,27.995758218451748,regular
4,287,54,41.78154825026511,regular
4,288,63,94.48568398727465,trend
4,289,24,11.558854718981973,regular
4,290,132,51.855779427359494,regular
4,291,245,18.345705196182397,regular
4,292,109,80.16967126193,regular
4,293,346,39.34252386002121,regular
4,294,129,9.75609756097561,regular
4,295,169,48.46235418875928,regular
4,296,122,82.92682926829268,trend
4,297,159,61.93001060445387,regular
4,298,111,80.80593849416755,regular
4,299,239,53.23435843054083,regular
4,300,17,7.635206786850477,new
4,301,237,32.97985153764581,regular
4,302,19,0.3181336161187699,new
4,303,427,20.46659597030753,regular
4,304,21,6.998939554612937,new
4,305,184,74.12513255567337,regular
4,306,26,22.693531283138917,regular
4,307,97,71.79215270413573,regular
4,308,338,55.77942735949099,regular
4,309,17,14.422057264050903,new
4,310,17,80.06362672322376,new
4,311,246,50.05302226935313,regular
4,312,190,75.39766702014846,regular
4,313,231,55.24920466595971,regular
4,314,194,11.876988335100743,regular
4,315,73,81.23011664899258,regular
4,316,67,93.31919406150583,trend
4,317,20,1.4846235418875928,new
4,318,151,43.79639448568399,regular
4,319,20,45.387062566277834,new
4,320,128,15.058324496288442,regular
4,321,109,88.22905620360551,trend
4,322,44,98.62142099681867,trend
4,323,79,55.991516436903495,regular
4,324,58,10.604453870625663,regular
4,325,115,79.2152704135737,regular
4,326,168,74.01908801696713,regular
4,327,248,52.49204665959704,regular
4,328,246,44.32661717921527,regular
4,329,58,89.7136797454931,trend
4,330,118,52.38600212089077,regular
4,331,58,71.04984093319194,regular
4,332,154,18.133616118769883,regular
4,333,22,90.66808059384942,new
4,334,282,57.476139978791096,regular
4,335,20,8.377518557794273,new
4,336,115,12.089077412513255,regular
4,337,30,55.885471898197245,regular
4,338,64,88.65323435843054,trend
4,339,213,64.89925768822906,regular
4,340,37,84.09331919406151,trend
4,341,18,1.378579003181336,new
4,342,178,45.28101802757158,regular
4,343,203,60.97560975609756,regular
4,344,164,65.21739130434783,regular
4,345,203,40.8271474019088,regular
4,346,174,28.525980911983034,regular
4,347,179,31.071049840933192,regular
4,348,51,10.498409331919406,regular
4,349,35,11.134676564156946,regular
4,350,44,98.83351007423119,trend
4,351,37,6.256627783669141,regular
4,352,35,97.5609756097561,trend
4,353,22,72.32237539766702,new
4,354,206,67.86850477200424,regular
4,355,16,4.135737009544008,new
4,356,20,70.83775185577943,new
4,357,65,6.892895015906681,regular
4,358,31,78.26086956521739,regular
4,359,24,57.26405090137858,regular
4,360,88,87.91092258748674,trend
4,361,107,69.56521739130434,regular
4,362,22,9.43796394485684,new
4,363,275,30.54082714740191,regular
4,364,17,3.1813361611876987,new
4,365,46,43.05408271474019,regular
4,366,27,24.496288441145282,regular
4,367,51,52.17391304347826,regular
4,368,38,74.86744432661719,regular
4,369,20,67.33828207847296,new
4,370,65,93.6373276776246,trend
4,371,43,94.3796394485684,trend
4,372,56,24.072110286320257,regular
4,373,205,51.11346765641569,regular
4,374,243,27.041357370095444,regular
4,375,23,56.30965005302227,regular
4,376,27,78.04878048780488,regular
4,377,30,55.567338282078474,regular
4,378,328,21.73913043478261,regular
4,379,161,72.00424178154825,regular
4,380,139,83.66914103923648,trend
4,381,109,58.32449628844114,regular
4,382,45,79.74549310710498,regular
4,383,61,95.75821845174973,trend
4,384,20,62.77836691410392,new
4,385,239,63.3085896076352,regular
4,386,20,54.718981972428416,new
4,387,249,57.05196182396607,regular
4,388,45,36.267232237539766,regular
4,389,239,53.65853658536586,regular
4,390,27,67.76246023329799,regular
4,391,108,83.13891834570519,trend
4,392,94,74.97348886532343,regular
4,393,380,16.861081654294804,regular
4,394,131,29.16224814422057,regular
4,395,50,85.25980911983034,trend
4,396,46,2.545068928950159,regular
4,397,80,86.42629904559915,trend
4,398,154,73.91304347826086,regular
4,399,258,23.647932131495228,regular
4,400,19,10.392364793213149,new
4,401,137,72.1102863202545,regular
4,402,59,83.77518557794274,trend
4,403,42,41.569459172852596,regular
4,404,36,13.255567338282079,regular
4,405,466,20.67868504772004,regular
4,406,292,57.68822905620361,regular
4,407,198,58.96076352067868,regular
4,408,23,55.037115588547195,regular
4,409,159,78.68504772004242,regular
4,410,22,41.03923647932132,new
4,411,48,82.07847295864264,regular
4,412,44,82.6086956521739,trend
4,413,44,55.46129374337222,regular
4,414,21,63.52067868504771,new
4,415,20,79.00318133616119,new
4,416,416,26.935312831389187,regular
4,417,315,25.980911983032872,regular
4,418,17,78.15482502651113,new
4,419,28,94.59172852598091,trend
4,420,31,89.50159066808058,trend
4,421,55,95.54612937433721,trend
4,422,85,33.828207847295864,regular
4,423,55,41.675503711558854,regular
4,424,39,58.112407211028625,regular
4,425,178,34.78260869565217,regular
4,426,84,89.39554612937434,trend
4,427,27,12.195121951219512,regular
4,428,46,17.28525980911983,regular
4,429,360,40.084835630965,regular
4,430,56,82.82078472958642,trend
4,431,18,6.044538706256628,new
4,432,54,30.75291622481442,regular
4,433,36,50.68928950159067,regular
4,434,40,9.331919406150584,regular
4,435,324,22.799575821845174,regular
4,436,119,28.101802757158005,regular
4,437,217,57.582184517497346,regular
4,438,26,49.41675503711559,regular
4,439,26,26.723223753976672,regular
4,440,40,57.90031813361611,regular
4,441,18,34.35843054082714,new
4,442,118,20.14846235418876,regular
4,443,22,10.71049840933192,new
4,444,20,89.07741251325557,new
4,445,108,48.14422057264051,regular
4,446,31,7.84729586426299,regular
4,447,121,49.52279957582185,regular
4,448,31,31.17709437963945,regular
4,449,61,53.87062566277837,regular
4,450,448,35.73700954400849,regular
4,451,82,4.984093319194061,regular
4,452,180,70.51961823966066,regular
4,453,133,48.88653234358431,regular
4,454,196,58.64262990455992,regular
4,455,168,49.09862142099682,regular
4,456,185,52.8101802757158,regular
4,457,226,47.82608695652174,regular
4,458,151,74.23117709437965,regular
4,459,99,19.088016967126194,regular
4,460,58,38.3881230116649,regular
4,461,21,48.568398727465535,new
4,462,27,36.691410392364794,regular
4,463,113,28.950159066808055,regular
4,464,43,51.007423117709436,regular
4,465,66,97.24284199363733,trend
4,466,84,60.23329798515377,regular
4,467,40,75.50371155885472,regular
4,468,120,76.88229056203606,regular
4,469,37,92.25874867444327,trend
4,470,51,46.87168610816543,regular
4,471,28,48.992576882290564,regular
4,472,225,18.55779427359491,regular
4,473,31,72.74655355249205,regular
4,474,284,68.39872746553553,regular
4,475,18,99.68186638388123,new
4,476,70,15.37645811240721,regular
4,477,31,5.726405090137858,regular
4,478,100,53.97667020148462,regular
4,479,161,61.50583244962884,regular
4,480,51,99.25768822905621,trend
4,481,48,81.76033934252386,regular
4,482,23,61.08165429480382,regular
4,483,46,63.73276776246023,regular
4,484,120,39.44856839872747,regular
4,485,23,6.362672322375397,regular
4,486,149,19.936373276776244,regular
4,487,191,29.90455991516437,regular
4,488,132,77.83669141039236,regular
4,489,93,6.150583244962885,regular
4,490,49,59.27889713679746,regular
4,491,28,86.21420996818664,trend
4,492,47,93.00106044538707,trend
4,493,113,68.9289501590668,regular
4,494,41,88.7592788971368,trend
4,495,182,30.646871686108167,regular
4,496,113,62.142099681866384,regular
4,497,227,14.74019088016967,regular
4,498,126,85.04772004241782,trend
4,499,88,91.83457051961824,trend
4,500,183,38.91834570519618,regular
4,501,59,11.028632025450689,regular
4,502,33,1.2725344644750796,regular
4,503,134,74.44326617179216,regular
4,504,212,25.23860021208908,regular
4,505,93,62.460233297985155,regular
4,506,206,37.75185577942736,regular
4,507,47,23.117709437963946,regular
4,508,77,83.03287380699894,trend
4,509,30,17.391304347826086,regular
4,510,25,0.6362672322375398,regular
4,511,20,8.16542948038176,new
4,512,16,100.0,new
4,513,18,69.14103923647932,new
4,514,170,73.06468716861082,regular
4,515,31,21.527041357370095,regular
4,516,19,74.5493107104984,new
4,517,32,33.29798515376458,regular
4,518,63,12.725344644750795,regular
4,519,34,13.997879109225874,regular
4,520,21,35.100742311770944,new
4,521,123,56.62778366914104,regular
4,522,26,97.87910922587487,trend
4,523,87,39.76670201484623,regular
4,524,257,51.3255567338282,regular
4,525,49,20.360551431601273,regular
4,526,61,37.22163308589608,regular
4,527,120,86.53234358430541,trend
4,528,46,75.71580063626723,regular
4,529,37,2.1208907741251326,regular
4,530,39,89.81972428419937,trend
4,531,26,6.786850477200425,regular
4,532,216,39.978791092258746,regular
4,533,216,49.310710498409335,regular
4,534,68,5.514316012725344,regular
4,535,184,73.38282078472959,regular
4,536,145,63.62672322375398,regular
4,537,424,43.90243902439025,regular
4,538,70,87.8048780487805,trend
4,539,46,84.83563096500531,trend
4,540,53,10.286320254506894,regular
4,541,111,29.5864262990456,regular
4,542,121,63.20254506892895,regular
4,543,149,64.58112407211028,regular
4,544,26,2.332979851537646,regular
4,545,145,24.284199363732768,regular
4,546,51,33.404029692470836,regular
4,547,20,68.82290562036056,new
4,548,127,27.889713679745494,regular
4,549,21,46.76564156945917,new
4,550,34,18.451749734888654,regular
4,551,264,36.90349946977731,regular
4,552,67,13.891834570519618,regular
4,553,88,91.51643690349947,trend
4,554,101,53.34040296924708,regular
4,555,46,69.24708377518559,regular
4,556,38,88.33510074231177,trend
4,557,47,40.721102863202546,regular
4,558,17,72.8525980911983,new
4,559,62,80.59384941675503,regular
4,560,87,61.187698833510076,regular
4,561,317,45.91728525980912,regular
4,562,65,80.38176033934252,regular
4,563,26,10.816542948038176,regular
4,564,28,75.2916224814422,regular
4,565,28,50.58324496288441,regular
4,566,126,70.30752916224814,regular
4,567,128,83.35100742311771,trend
4,568,65,87.16861081654295,trend
4,569,61,31.38918345705196,regular
4,570,20,4.029692470837752,new
4,571,17,96.8186638388123,new
4,572,18,24.17815482502651,new
4,573,43,96.18239660657476,trend
4,574,38,59.91516436903499,regular
4,575,23,99.78791092258749,trend
4,576,31,65.5355249204666,regular
4,577,158,40.93319194061506,regular
4,578,20,16.542948038176032,new
4,579,65,62.884411452810184,regular
4,580,42,12.83138918345705,regular
4,581,23,88.86532343584305,trend
4,582,56,21.314952279957584,regular
4,583,24,94.06150583244963,trend
4,584,21,80.6998939554613,new
4,585,56,52.27995758218452,regular
4,586,148,21.951219512195124,regular
4,587,85,10.07423117709438,regular
4,588,190,30.858960763520678,regular
4,589,39,2.651113467656416,regular
4,590,42,44.22057264050901,regular
4,591,71,67.12619300106044,regular
4,592,280,51.431601272534465,regular
4,593,134,46.65959703075291,regular
4,594,20,97.34888653234358,new
4,595,83,14.209968186638388,regular
4,596,18,49.73488865323436,new
4,597,33,16.96712619300106,regular
4,598,22,18.87592788971368,new
4,599,40,3.4994697773064685,regular
4,600,78,43.37221633085896,regular
4,601,133,64.050901378579,regular
4,602,25,22.375397667020145,regular
4,603,40,70.09544008483563,regular
4,604,24,77.41251325556733,regular
4,605,76,76.35206786850478,regular
4,606,198,56.83987274655355,regular
4,607,32,87.38069989395547,trend
4,608,129,69.35312831389183,regular
4,609,24,21.845174973488866,regular
4,610,63,94.69777306468717,trend
4,611,36,56.9459172852598,regular
4,612,24,47.08377518557794,regular
4,613,24,99.15164369034994,trend
4,614,35,8.059384941675503,regular
4,615,89,72.42841993637327,regular
4,616,39,30.3287380699894,regular
4,617,92,66.70201484623541,regular
4,618,188,55.35524920466596,regular
4,619,73,39.130434782608695,regular
4,620,95,16.118769883351007,regular
4,621,143,15.800636267232237,regular
4,622,187,44.53870625662778,regular
4,623,38,85.5779427359491,trend
4,624,118,22.90562036055143,regular
4,625,89,67.55037115588547,regular
4,626,29,23.435843054082714,regular
4,627,153,33.72216330858961,regular
4,628,22,42.84199363732768,new
4,629,100,71.3679745493107,regular
4,630,91,44.962884411452805,regular
4,631,17,39.660657476139974,new
4,632,104,79.53340402969246,regular
4,633,50,63.83881230116649,regular
4,634,117,18.23966065747614,regular
4,635,30,6.680805938494168,regular
4,636,18,87.48674443266172,new
4,637,86,17.497348886532343,regular
4,638,59,81.97242841993638,regular
4,639,132,62.67232237539767,regular
4,640,96,46.553552492046656,regular
4,641,35,92.04665959703075,trend
4,642,266,16.64899257688229,regular
4,643,175,60.33934252386002,regular
4,644,31,23.966065747614,regular
4,645,107,79.32131495227995,regular
4,646,32,8.695652173913043,regular
4,647,51,25.13255567338282,regular
4,648,261,23.329798515376456,regular
4,649,22,40.29692470837752,new
4,650,259,44.008483563096505,regular
4,651,19,72.21633085896076,new
4,652,20,3.3934252386002126,new
4,653,253,41.88759278897137,regular
4,654,122,47.1898197242842,regular
4,655,498,33.61611876988335,regular
4,656,22,49.20466595970308,new
4,657,26,46.23541887592789,regular
4,658,60,91.30434782608695,trend
4,659,160,65.85365853658537,regular
4,660,200,41.46341463414634,regular
4,661,102,84.94167550371155,trend
4,662,15,93.95546129374337,new
4,663,138,42.3117709437964,regular
4,664,145,76.7762460233298,regular
4,665,127,49.94697773064687,regular
4,666,209,75.0795334040297,regular
4,667,41,94.16755037115588,trend
4,668,40,24.814422057264053,regular
4,669,90,90.88016967126194,trend
4,670,40,89.92576882290561,trend
4,671,105,22.163308589607635,regular
4,672,26,46.977730646871684,regular
4,673,29,77.20042417815482,regular
4,674,35,26.08695652173913,regular
4,675,25,70.62566277836692,regular
4,676,66,81.44220572640509,regular
4,677,44,5.302226935312832,regular
4,678,24,77.94273594909862,regular
4,679,55,82.29056203605515,trend
4,680,33,87.69883351007424,trend
4,681,19,6.574761399787911,new
4,682,327,22.58748674443266,regular
4,683,63,46.129374337221634,regular
4,684,75,44.75079533404029,regular
4,685,18,13.679745493107104,new
4,686,61,96.71261930010604,trend
4,687,19,2.9692470837751856,new
4,688,20,7.529162248144221,new
4,689,29,45.49310710498409,regular
4,690,103,35.52492046659597,regular
4,691,27,95.864262990456,trend
4,692,35,13.467656415694593,regular
4,693,132,71.58006362672322,regular
4,694,139,78.57900318133616,regular
4,695,34,7.317073170731707,regular
4,696,22,75.92788971367975,new
4,697,86,9.968186638388122,regular
4,698,113,86.3202545068929,trend
4,699,125,14.846235418875928,regular
4,700,19,99.89395546129374,new
4,701,30,91.9406150583245,trend
4,702,28,1.5906680805938493,regular
4,703,40,50.159066808059386,regular
4,704,79,82.39660657476139,trend
4,705,98,28.63202545068929,regular
4,706,23,33.93425238600212,regular
4,707,196,53.552492046659594,regular
4,708,94,10.180275715800637,regular
4,709,120,41.251325556733825,regular
4,710,72,93.10710498409331,trend
4,711,189,54.612937433722166,regular
4,712,141,23.223753976670203,regular
4,713,22,83.45705196182396,new
4,714,39,14.316012725344645,regular
4,715,143,40.19088016967126,regular
4,716,238,63.0965005302227,regular
4,717,78,15.906680805938494,regular
4,718,35,2.4390243902439024,regular
4,719,60,68.29268292682927,regular
4,720,26,70.94379639448569,regular
4,721,141,35.418875927889715,regular
4,722,38,4.665959703075292,regular
4,723,18,95.22799575821846,new
4,724,71,5.408271474019088,regular
4,725,21,15.69459172852598,new
4,726,22,7.104984093319194,new
4,727,287,17.6033934252386,regular
4,728,22,7.211028632025451,new
4,729,19,16.33085896076352,new
4,730,34,46.34146341463415,regular
4,731,74,79.63944856839873,regular
4,732,17,1.9088016967126193,new
4,733,92,27.67762460233298,regular
4,734,54,90.13785790031812,trend
4,735,45,66.2778366914104,regular
4,736,20,57.79427359490986,new
4,737,29,96.92470837751856,trend
4,738,125,77.30646871686108,regular
4,739,30,98.30328738069989,trend
4,740,18,9.544008483563097,new
4,741,90,56.20360551431601,regular
4,742,21,90.2439024390244,new
4,743,30,29.48038176033934,regular
4,744,23,98.09119830328738,trend
4,745,54,94.90986214209968,trend
4,746,57,66.17179215270413,regular
4,747,251,71.68610816542949,regular
4,748,93,89.60763520678685,trend
4,749,264,32.44962884411453,regular
4,750,27,1.6967126193001063,regular
4,751,143,60.6574761399788,regular
4,752,61,23.860021208907742,regular
4,753,47,99.36373276776246,trend
4,754,30,23.753976670201485,regular
4,755,34,2.2269353128313893,regular
4,756,90,51.537645811240715,regular
4,757,142,26.617179215270415,regular
4,758,310,36.05514316012725,regular
4,759,26,38.06998939554613,regular
4,760,36,32.66171792152704,regular
4,761,57,21.10286320254507,regular
4,762,18,60.86956521739131,new
4,763,116,72.64050901378579,regular
4,764,93,45.06892895015906,regular
4,765,21,85.47189819724285,new
4,766,155,68.71686108165429,regular
4,767,32,92.47083775185578,trend
4,768,58,39.55461293743372,regular
4,769,24,3.8176033934252387,regular
4,770,55,21.633085896076352,regular
4,771,63,73.17073170731707,regular
4,772,28,10.922587486744433,regular
4,773,139,56.415694591728524,regular
4,774,190,37.32767762460234,regular
4,775,24,73.5949098621421,regular
4,776,86,77.09437963944858,regular
4,777,29,73.48886532343585,regular
4,778,58,59.1728525980912,regular
4,779,33,29.056203605514312,regular
4,780,47,96.28844114528103,trend
4,781,34,99.0455991516437,trend
4,782,129,13.149522799575822,regular
4,783,26,5.090137857900318,regular
4,784,35,36.58536585365854,regular
4,785,23,95.1219512195122,trend
4,786,96,78.89713679745493,regular
4,787,45,15.588547189819725,regular
4,788,217,37.53976670201485,regular
4,789,29,76.67020148462355,regular
4,790,191,17.921527041357372,regular
4,791,21,42.62990455991517,new
4,792,39,13.361611876988336,regular
4,793,46,40.61505832449629,regular
4,794,33,75.60975609756098,regular
4,795,128,28.207847295864262,regular
4,796,308,35.2067868504772,regular
4,797,23,17.815482502651115,regular
4,798,195,13.043478260869565,regular
4,799,20,93.21314952279958,new
4,800,24,52.06786850477201,regular
4,801,22,8.589607635206786,new
4,802,65,18.769883351007426,regular
4,803,30,1.8027571580063628,regular
4,804,276,32.13149522799576,regular
4,805,244,27.783669141039237,regular
4,806,123,62.566277836691405,regular
4,807,172,46.447507953340406,regular
4,808,20,31.70731707317073,new
4,809,18,48.67444326617179,new
4,810,21,3.711558854718982,new
4,811,18,0.8483563096500532,new
4,812,17,2.863202545068929,new
4,813,26,3.0752916224814424,regular
4,814,31,20.996818663838813,regular
4,815,159,68.18663838812301,regular
4,816,19,3.2873806998939554,new
4,817,31,7.423117709437964,regular
4,818,17,53.128313891834566,new
4,819,23,37.11558854718982,regular
4,820,19,61.39978791092259,new
4,821,54,75.82184517497349,regular
4,822,22,31.601272534464474,new
4,823,157,60.44538706256628,regular
4,824,18,0.10604453870625664,new
4,825,124,9.650053022269352,regular
4,826,100,25.344644750795336,regular
4,827,24,58.21845174973489,regular
4,828,87,38.17603393425239,regular
4,829,57,57.37009544008483,regular
4,830,89,75.18557794273595,regular
4,831,64,78.36691410392365,regular
4,832,21,4.559915164369035,new
4,833,233,42.735949098621425,regular
4,834,49,77.51855779427359,regular
4,835,89,84.51749734888652,trend
4,836,42,88.44114528101802,trend
4,837,41,8.907741251325557,regular
4,838,82,86.63838812301167,trend
4,839,45,39.02439024390244,regular
4,840,172,81.12407211028632,regular
4,841,25,54.93107104984093,regular
4,842,21,88.54718981972428,new
4,843,173,55.67338282078473,regular
4,844,71,68.08059384941676,regular
4,845,20,86.10816542948038,new
4,846,352,44.114528101802755,regular
4,847,130,47.295864262990456,regular
4,848,119,77.7306468716861,regular
4,849,19,42.20572640509014,new
4,850,44,91.09225874867445,trend
4,851,172,20.784729586426298,regular
4,852,43,17.17921527041357,regular
4,853,37,3.6055143160127257,regular
4,854,178,62.24814422057264,regular
4,855,19,66.59597030752916,new
4,856,23,38.60021208907741,regular
4,857,20,4.878048780487805,new
4,858,17,64.15694591728526,new
4,859,34,16.436903499469775,regular
4,860,59,40.402969247083774,regular
4,861,35,23.54188759278897,regular
4,862,143,66.48992576882291,regular
4,863,86,18.981972428419937,regular
4,864,260,34.146341463414636,regular
4,865,59,15.482502651113467,regular
4,866,18,81.6542948038176,new
4,867,82,88.97136797454931,trend
4,868,185,50.47720042417816,regular
4,869,41,43.47826086956522,regular
4,870,236,66.06574761399789,regular
4,871,96,65.95970307529161,regular
4,872,60,8.271474019088016,regular
4,873,18,9.862142099681867,new
4,874,31,83.24496288441145,trend
4,875,75,92.78897136797455,trend
4,876,18,85.79003181336161,new
4,877,66,31.495227995758217,regular
4,878,110,78.4729586426299,regular
4,879,26,54.08271474019089,regular
4,880,309,23.01166489925769,regular
4,881,231,36.37327677624602,regular
4,882,112,69.03499469777307,regular
4,883,223,59.490986214209975,regular
4,884,36,73.80699893955462,regular
4,885,88,52.59809119830329,regular
4,886,194,47.40190880169671,regular
4,887,133,34.676564156945915,regular
4,888,17,66.38388123011664,new
4,889,284,49.840933191940614,regular
4,890,105,84.72958642629904,trend
4,891,42,44.64475079533404,regular
4,892,189,65.7476139978791,regular
4,893,52,11.983032873807,regular
4,894,197,38.70625662778367,regular
4,895,17,62.990455991516434,new
4,896,315,35.31283138918346,regular
4,897,157,48.25026511134676,regular
4,898,26,41.35737009544008,regular
4,899,115,66.91410392364793,regular
4,900,39,50.37115588547189,regular
4,901,103,25.6627783669141,regular
4,902,44,90.77412513255567,trend
4,903,120,68.50477200424177,regular
4,904,42,25.768822905620357,regular
4,905,34,5.620360551431601,regular
4,906,36,28.738069989395548,regular
4,907,122,34.994697773064686,regular
4,908,60,96.39448568398727,trend
4,909,23,11.346765641569458,regular
4,910,48,83.56309650053022,trend
4,911,86,84.41145281018028,trend
4,912,48,93.4252386002121,trend
4,913,111,92.15270413573701,trend
4,914,17,42.94803817603394,new
4,915,23,67.02014846235419,regular
4,916,276,38.282078472958645,regular
4,917,30,44.85683987274655,regular
4,918,83,59.597030752916226,regular
4,919,187,32.87380699893955,regular
4,920,21,45.17497348886532,new
4,921,91,41.145281018027575,regular
4,922,107,41.993637327677625,regular
4,923,66,19.724284199363733,regular
4,924,69,90.56203605514315,trend
4,925,26,6.468716861081654,regular
4,926,18,58.536585365853654,new
4,927,101,12.513255567338282,regular
4,928,25,92.89501590668081,trend
4,929,43,99.57582184517497,trend
4,930,56,56.733828207847296,regular
4,931,54,76.033934252386,regular
4,932,205,62.03605514316013,regular
4,933,165,47.61399787910923,regular
4,934,149,66.80805938494167,regular
4,935,33,30.010604453870627,regular
4,936,117,21.42099681866384,regular
4,937,36,65.11134676564157,regular
4,938,97,5.1961823966065745,regular
4,939,40,9.013785790031813,regular
4,940,93,83.98727465535525,trend
4,941,18,70.73170731707317,new
4,942,70,90.34994697773064,trend
4,943,150,37.433722163308595,regular
5,1,217,47.82608695652174,regular
5,2,51,65.5355249204666,regular
5,3,49,8.695652173913043,regular
5,4,21,29.056203605514312,new
5,5,152,25.556733828207847,regular
5,6,184,83.03287380699894,trend
5,7,341,47.40190880169671,regular
5,8,49,76.67020148462355,regular
5,9,19,84.6235418875928,new
5,10,148,79.74549310710498,regular
5,11,159,38.17603393425239,regular
5,12,43,88.44114528101802,trend
5,13,530,26.4050901378579,regular
5,14,84,91.09225874867445,trend
5,15,92,9.75609756097561,regular
5,16,114,78.57900318133616,regular
5,17,25,32.7677624602333,regular
5,18,239,68.18663838812301,regular
5,19,18,58.74867444326617,new
5,20,43,74.44326617179216,regular
5,21,150,9.11983032873807,regular
5,22,113,27.465535524920465,regular
5,23,132,69.35312831389183,regular
5,24,60,84.09331919406151,trend
5,25,69,86.85047720042418,trend
5,26,87,18.981972428419937,regular
5,27,23,52.06786850477201,regular
5,28,70,68.71686108165429,regular
5,29,31,30.965005302226935,regular
5,30,37,53.65853658536586,regular
5,31,29,65.11134676564157,regular
5,32,36,34.88865323435843,regular
5,33,21,0.2120890774125133,new
5,34,15,3.8176033934252387,new
5,35,21,1.378579003181336,new
5,36,16,3.2873806998939554,new
5,37,49,48.46235418875928,regular
5,38,106,15.270413573700955,regular
5,39,19,61.50583244962884,new
5,40,32,20.784729586426298,regular
5,41,44,98.40933191940616,trend
5,42,158,48.35630965005302,regular
5,43,190,42.09968186638388,regular
5,44,131,65.42948038176034,regular
5,45,43,33.93425238600212,regular
5,46,22,77.7306468716861,new
5,47,23,14.952279957582185,regular
5,48,58,95.3340402969247,trend
5,49,185,23.966065747614,regular
5,50,22,27.571580063626723,new
5,51,19,97.87910922587487,new
5,52,49,58.64262990455992,regular
5,53,25,72.74655355249205,regular
5,54,55,45.81124072110286,regular
5,55,19,80.80593849416755,new
5,56,165,26.511134676564158,regular
5,57,91,24.920466595970307,regular
5,58,126,82.07847295864264,regular
5,59,330,49.52279957582185,regular
5,60,181,72.21633085896076,regular
5,61,19,2.014846235418876,new
5,62,191,54.82502651113468,regular
5,63,78,27.1474019088017,regular
5,64,172,65.00530222693531,regular
5,65,69,75.92788971367975,regular
5,66,32,39.02439024390244,regular
5,67,26,7.104984093319194,regular
5,68,31,47.1898197242842,regular
5,69,56,79.10922587486743,regular
5,70,114,37.6458112407211,regular
5,71,33,99.46977730646871,trend
5,72,112,77.30646871686108,regular
5,73,57,90.98621420996818,trend
5,74,34,73.91304347826086,regular
5,75,69,8.8016967126193,regular
5,76,68,64.58112407211028,regular
5,77,62,96.07635206786851,trend
5,78,19,1.166489925768823,new
5,79,50,60.76352067868505,regular
5,80,25,94.06150583244963,trend
5,81,52,33.61611876988335,regular
5,82,149,54.718981972428416,regular
5,83,129,11.452810180275716,regular
5,84,58,42.20572640509014,regular
5,85,255,60.55143160127253,regular
5,86,19,2.545068928950159,new
5,87,173,30.646871686108167,regular
5,88,17,62.884411452810184,new
5,89,66,41.145281018027575,regular
5,90,246,71.3679745493107,regular
5,91,86,87.16861081654295,trend
5,92,329,21.42099681866384,regular
5,93,18,12.089077412513255,new
5,94,350,37.857900318133616,regular
5,95,233,41.35737009544008,regular
5,96,46,98.83351007423119,trend
5,97,54,96.28844114528103,trend
5,98,24,43.47826086956522,regular
5,99,116,29.374337221633084,regular
5,100,44,36.58536585365854,regular
5,101,57,8.16542948038176,regular
5,102,183,21.314952279957584,regular
5,103,25,82.6086956521739,trend
5,104,93,14.316012725344645,regular
5,105,21,73.06468716861082,new
5,106,55,75.0795334040297,regular
5,107,19,24.284199363732768,new
5,108,30,56.30965005302227,regular
5,109,201,25.344644750795336,regular
5,110,109,13.467656415694593,regular
5,111,22,80.59384941675503,new
5,112,36,37.22163308589608,regular
5,113,44,24.708377518557796,regular
5,114,42,93.74337221633085,trend
5,115,79,86.95652173913044,trend
5,116,110,37.11558854718982,regular
5,117,75,54.40084835630965,regular
5,118,59,79.42735949098622,regular
5,119,152,40.61505832449629,regular
5,120,23,51.11346765641569,regular
5,121,67,81.01802757158006,regular
5,122,54,61.6118769883351,regular
5,123,46,95.22799575821846,trend
5,124,21,97.34888653234358,new
5,125,160,47.08377518557794,regular
5,126,37,38.812301166489924,regular
5,127,18,13.149522799575822,new
5,128,159,53.022269353128316,regular
5,129,26,56.20360551431601,regular
5,130,283,21.845174973488866,regular
5,131,26,89.92576882290561,trend
5,132,20,98.5153764581124,new
5,133,20,29.16224814422057,new
5,134,23,21.527041357370095,regular
5,135,48,31.38918345705196,regular
5,136,31,92.47083775185578,trend
5,137,40,33.51007423117709,regular
5,138,45,94.69777306468717,trend
5,139,19,64.89925768822906,new
5,140,19,7.529162248144221,new
5,141,82,9.43796394485684,regular
5,142,28,34.146341463414636,regular
5,143,18,36.79745493107105,new
5,144,180,67.86850477200424,regular
5,145,274,16.436903499469775,regular
5,146,24,44.75079533404029,regular
5,147,17,68.9289501590668,new
5,148,53,91.1983032873807,trend
5,149,32,26.935312831389187,regular
5,150,25,73.5949098621421,regular
5,151,266,61.08165429480382,regular
5,152,88,29.90455991516437,regular
5,153,21,90.88016967126194,new
5,154,43,95.65217391304348,trend
5,155,19,0.4241781548250266,new
5,156,31,94.3796394485684,trend
5,157,43,51.855779427359494,regular
5,158,150,44.962884411452805,regular
5,159,95,5.832449628844114,regular
5,160,104,65.32343584305409,regular
5,161,49,94.90986214209968,trend
5,162,36,50.37115588547189,regular
5,163,20,96.92470837751856,new
5,164,51,10.392364793213149,regular
5,165,26,87.91092258748674,trend
5,166,18,10.498409331919406,new
5,167,54,45.91728525980912,regular
5,168,62,10.604453870625663,regular
5,169,32,93.21314952279958,trend
5,170,20,0.8483563096500532,new
5,171,22,78.15482502651113,new
5,172,22,87.0625662778367,new
5,173,38,6.256627783669141,regular
5,174,157,18.66383881230117,regular
5,175,33,95.01590668080594,trend
5,176,54,31.17709437963945,regular
5,177,100,70.09544008483563,regular
5,178,236,41.88759278897137,regular
5,179,35,32.44962884411453,regular
5,180,52,63.52067868504771,regular
5,181,275,8.271474019088016,regular
5,182,25,92.89501590668081,trend
5,183,46,39.130434782608695,regular
5,184,206,63.3085896076352,regular
5,185,42,86.3202545068929,trend
5,186,78,16.118769883351007,regular
5,187,48,80.48780487804879,regular
5,188,99,70.73170731707317,regular
5,189,160,75.71580063626723,regular
5,190,52,19.936373276776244,regular
5,191,22,85.89607635206788,new
5,192,30,67.2322375397667,regular
5,193,108,20.67868504772004,regular
5,194,271,47.295864262990456,regular
5,195,79,24.390243902439025,regular
5,196,33,34.4644750795334,regular
5,197,105,31.81336161187699,regular
5,198,154,62.460233297985155,regular
5,199,34,10.286320254506894,regular
5,200,183,27.25344644750795,regular
5,201,309,48.14422057264051,regular
5,202,18,96.60657476139978,new
5,203,37,23.753976670201485,regular
5,204,38,70.30752916224814,regular
5,205,20,13.361611876988336,new
5,206,48,30.116648992576884,regular
5,207,187,36.90349946977731,regular
5,208,29,55.46129374337222,regular
5,209,29,68.39872746553553,regular
5,210,115,57.582184517497346,regular
5,211,32,72.64050901378579,regular
5,212,21,92.25874867444327,new
5,213,111,70.62566277836692,regular
5,214,108,86.00212089077412,trend
5,215,84,87.38069989395547,trend
5,216,116,65.95970307529161,regular
5,217,68,22.057264050901377,regular
5,218,48,69.88335100742312,regular
5,219,24,22.26935312831389,regular
5,220,19,8.48356309650053,new
5,221,127,32.34358430540827,regular
5,222,341,19.406150583244962,regular
5,223,92,10.922587486744433,regular
5,224,123,15.906680805938494,regular
5,225,21,90.66808059384942,new
5,226,42,82.82078472958642,trend
5,227,51,33.085896076352064,regular
5,228,19,93.6373276776246,new
5,229,27,55.037115588547195,regular
5,230,114,76.7762460233298,regular
5,231,18,66.38388123011664,new
5,232,79,94.16755037115588,trend
5,233,97,89.60763520678685,trend
5,234,362,46.02332979851538,regular
5,235,77,88.97136797454931,trend
5,236,104,84.51749734888652,trend
5,237,42,98.09119830328738,trend
5,238,24,6.574761399787911,regular
5,239,130,84.83563096500531,trend
5,240,21,39.34252386002121,new
5,241,21,51.3255567338282,new
5,242,16,27.041357370095444,new
5,243,66,69.14103923647932,regular
5,244,204,30.010604453870627,regular
5,245,20,15.058324496288442,new
5,246,174,20.890774125132555,regular
5,247,22,97.13679745493107,new
5,248,48,90.45599151643691,trend
5,249,139,68.82290562036056,regular
5,250,107,62.77836691410392,regular
5,251,69,59.80911983032874,regular
5,252,17,76.35206786850478,new
5,253,80,82.50265111346765,trend
5,254,129,28.950159066808055,regular
5,255,75,4.878048780487805,regular
5,256,171,18.769883351007426,regular
5,257,45,64.7932131495228,regular
5,258,21,44.114528101802755,new
5,259,39,55.35524920466596,regular
5,260,19,47.720042417815485,new
5,261,22,0.3181336161187699,new
5,262,137,45.17497348886532,regular
5,263,108,83.45705196182396,trend
5,264,96,48.568398727465535,regular
5,265,40,16.542948038176032,regular
5,266,20,84.41145281018028,new
5,267,158,38.60021208907741,regular
5,268,289,24.496288441145282,regular
5,269,285,50.79533404029692,regular
5,270,114,27.995758218451748,regular
5,271,243,66.70201484623541,regular
5,272,43,98.19724284199364,trend
5,273,19,87.69883351007424,new
5,274,58,43.584305408271476,regular
5,275,86,63.0965005302227,regular
5,276,431,22.90562036055143,regular
5,277,47,59.490986214209975,regular
5,278,21,93.53128313891834,new
5,279,352,20.0424178154825,regular
5,280,228,21.951219512195124,regular
5,281,23,0.9544008483563097,regular
5,282,19,12.513255567338282,new
5,283,45,56.415694591728524,regular
5,284,38,17.17921527041357,regular
5,285,27,88.33510074231177,trend
5,286,237,31.071049840933192,regular
5,287,52,53.446447507953344,regular
5,288,62,94.48568398727465,trend
5,289,24,11.664899257688228,regular
5,290,132,54.08271474019089,regular
5,291,245,20.996818663838813,regular
5,292,109,80.6998939554613,regular
5,293,346,42.417815482502654,regular
5,294,129,10.71049840933192,regular
5,295,167,46.34146341463415,regular
5,296,123,82.92682926829268,trend
5,297,160,68.61081654294804,regular
5,298,111,85.47189819724285,trend
5,299,237,56.733828207847296,regular
5,300,17,6.998939554612937,new
5,301,236,30.434782608695656,regular
5,302,19,0.7423117709437964,new
5,303,428,19.724284199363733,regular
5,304,21,6.362672322375397,new
5,305,186,73.17073170731707,regular
5,306,26,25.874867444326615,regular
5,307,98,70.94379639448569,regular
5,308,337,51.431601272534465,regular
5,309,17,12.83138918345705,new
5,310,16,50.58324496288441,new
5,311,250,49.310710498409335,regular
5,312,191,74.86744432661719,regular
5,313,231,55.77942735949099,regular
5,314,198,11.558854718981973,regular
5,315,73,79.32131495227995,regular
5,316,68,91.30434782608695,trend
5,317,20,1.8027571580063628,new
5,318,151,42.735949098621425,regular
5,319,19,44.64475079533404,new
5,320,133,14.103923647932131,regular
5,321,109,87.8048780487805,trend
5,322,45,95.864262990456,trend
5,323,79,60.021208907741254,regular
5,324,54,15.1643690349947,regular
5,325,115,80.9119830328738,regular
5,326,168,71.15588547189819,regular
5,327,248,56.62778366914104,regular
5,328,245,44.22057264050901,regular
5,329,59,86.53234358430541,trend
5,330,130,55.991516436903495,regular
5,331,58,69.77730646871686,regular
5,332,155,17.073170731707318,regular
5,333,22,96.8186638388123,new
5,334,280,52.49204665959704,regular
5,335,20,4.241781548250265,new
5,336,115,12.725344644750795,regular
5,337,30,53.87062566277837,regular
5,338,63,88.7592788971368,trend
5,339,213,63.73276776246023,regular
5,340,37,78.04878048780488,regular
5,341,17,1.2725344644750796,new
5,342,178,46.129374337221634,regular
5,343,204,62.24814422057264,regular
5,344,164,62.990455991516434,regular
5,345,203,33.828207847295864,regular
5,346,158,35.63096500530223,regular
5,347,163,43.05408271474019,regular
5,348,52,8.589607635206786,regular
5,349,37,9.650053022269352,regular
5,350,43,98.93955461293743,trend
5,351,38,5.938494167550371,regular
5,352,36,95.75821845174973,trend
5,353,23,58.96076352067868,regular
5,354,193,74.65535524920467,regular
5,355,16,3.923647932131495,new
5,356,19,67.55037115588547,new
5,357,65,4.453870625662779,regular
5,358,31,73.38282078472959,regular
5,359,24,38.3881230116649,regular
5,360,87,89.28950159066808,trend
5,361,107,66.06574761399789,regular
5,362,23,8.059384941675503,regular
5,363,275,32.237539766702014,regular
5,364,17,6.892895015906681,new
5,365,51,20.14846235418876,regular
5,366,27,17.28525980911983,regular
5,367,50,53.23435843054083,regular
5,368,38,76.45811240721103,regular
5,369,19,75.50371155885472,new
5,370,66,92.6829268292683,trend
5,371,44,94.59172852598091,trend
5,372,53,12.61930010604454,regular
5,373,203,48.038176033934256,regular
5,374,243,23.54188759278897,regular
5,375,25,48.67444326617179,regular
5,376,27,81.12407211028632,regular
5,377,30,63.94485683987274,regular
5,378,328,26.723223753976672,regular
5,379,159,73.27677624602333,regular
5,380,134,78.68504772004242,regular
5,381,109,61.39978791092259,regular
5,382,45,77.51855779427359,regular
5,383,60,94.80381760339343,trend
5,384,20,59.91516436903499,new
5,385,239,61.82396606574761,regular
5,386,21,55.143160127253445,new
5,387,269,45.705196182396605,regular
5,388,45,32.13149522799576,regular
5,389,240,51.74973488865323,regular
5,390,27,57.476139978791096,regular
5,391,108,80.06362672322376,regular
5,392,94,71.47401908801697,regular
5,393,366,14.209968186638388,regular
5,394,131,30.858960763520678,regular
5,395,50,76.9883351007423,regular
5,396,48,3.1813361611876987,regular
5,397,91,78.36691410392365,regular
5,398,154,71.68610816542949,regular
5,399,257,22.799575821845174,regular
5,400,20,2.2269353128313893,new
5,401,137,66.91410392364793,regular
5,402,57,75.18557794273595,regular
5,403,42,45.49310710498409,regular
5,404,39,13.043478260869565,regular
5,405,459,21.73913043478261,regular
5,406,294,57.15800636267232,regular
5,407,198,57.26405090137858,regular
5,408,23,46.447507953340406,regular
5,409,161,79.95758218451749,regular
5,410,25,52.17391304347826,regular
5,411,48,89.18345705196182,trend
5,412,44,83.35100742311771,trend
5,413,44,40.29692470837752,regular
5,414,22,64.68716861081654,new
5,415,20,88.22905620360551,new
5,416,417,28.207847295864262,regular
5,417,314,25.6627783669141,regular
5,418,17,82.71474019088016,new
5,419,29,96.39448568398727,trend
5,420,32,88.65323435843054,trend
5,421,55,95.44008483563097,trend
5,422,85,35.2067868504772,regular
5,423,55,34.676564156945915,regular
5,424,39,58.21845174973489,regular
5,425,178,43.90243902439025,regular
5,426,85,86.74443266171792,trend
5,427,27,11.028632025450689,regular
5,428,48,26.617179215270415,regular
5,429,361,38.49416755037115,regular
5,430,57,85.04772004241782,trend
5,431,18,5.090137857900318,new
5,432,55,29.48038176033934,regular
5,433,36,60.44538706256628,regular
5,434,40,12.195121951219512,regular
5,435,324,26.82926829268293,regular
5,436,124,29.5864262990456,regular
5,437,214,52.70413573700954,regular
5,438,27,41.03923647932132,regular
5,439,26,30.75291622481442,regular
5,440,41,35.31283138918346,regular
5,441,18,43.16012725344645,new
5,442,116,20.572640509013787,regular
5,443,22,11.876988335100743,new
5,444,20,85.15376458112407,new
5,445,108,51.537645811240715,regular
5,446,31,6.786850477200425,regular
5,447,120,43.79639448568399,regular
5,448,32,40.8271474019088,regular
5,449,61,49.09862142099682,regular
5,450,447,38.282078472958645,regular
5,451,82,3.6055143160127257,regular
5,452,168,69.67126193001062,regular
5,453,133,48.25026511134676,regular
5,454,196,61.187698833510076,regular
5,455,157,62.142099681866384,regular
5,456,184,55.67338282078473,regular
5,457,225,46.87168610816543,regular
5,458,151,70.51961823966066,regular
5,459,101,18.55779427359491,regular
5,460,59,58.430540827147404,regular
5,461,21,63.83881230116649,new
5,462,27,42.62990455991517,regular
5,463,113,27.783669141039237,regular
5,464,44,54.612937433722166,regular
5,465,70,95.1219512195122,trend
5,466,83,70.4135737009544,regular
5,467,40,77.94273594909862,regular
5,468,121,76.033934252386,regular
5,469,37,90.13785790031812,trend
5,470,51,44.008483563096505,regular
5,471,28,50.26511134676564,regular
5,472,225,16.755037115588546,regular
5,473,29,70.83775185577943,regular
5,474,284,67.9745493107105,regular
5,475,18,99.89395546129374,new
5,476,69,15.69459172852598,regular
5,477,32,4.3478260869565215,regular
5,478,100,56.09756097560976,regular
5,479,181,54.5068928950159,regular
5,480,48,99.0455991516437,trend
5,481,48,83.881230116649,trend
5,482,23,56.83987274655355,regular
5,483,47,69.4591728525981,regular
5,484,120,51.961823966065744,regular
5,485,23,19.830328738069987,regular
5,486,149,17.921527041357372,regular
5,487,192,42.3117709437964,regular
5,488,131,76.88229056203606,regular
5,489,93,7.741251325556734,regular
5,490,49,60.6574761399788,regular
5,491,28,81.86638388123012,regular
5,492,48,93.10710498409331,trend
5,493,113,68.29268292682927,regular
5,494,40,89.07741251325557,trend
5,495,182,39.87274655355249,regular
5,496,113,63.41463414634146,regular
5,497,227,15.482502651113467,regular
5,498,128,81.97242841993638,regular
5,499,89,92.57688229056204,trend
5,500,185,36.05514316012725,regular
5,501,59,15.588547189819725,regular
5,502,33,2.863202545068929,regular
5,503,132,77.62460233297985,regular
5,504,211,27.359490986214208,regular
5,505,93,68.50477200424177,regular
5,506,207,38.06998939554613,regular
5,507,48,21.10286320254507,regular
5,508,77,81.54825026511135,regular
5,509,30,24.60233297985154,regular
5,510,26,0.6362672322375398,regular
5,511,20,6.150583244962885,new
5,512,16,100.0,new
5,513,20,58.536585365853654,new
5,514,162,77.20042417815482,regular
5,515,31,22.481442205726403,regular
5,516,19,91.72852598091198,new
5,517,32,25.23860021208908,regular
5,518,61,9.013785790031813,regular
5,519,34,11.134676564156946,regular
5,520,21,45.28101802757158,new
5,521,123,50.90137857900318,regular
5,522,26,97.24284199363733,trend
5,523,87,44.432661717921526,regular
5,524,259,52.38600212089077,regular
5,525,48,19.51219512195122,regular
5,526,61,49.840933191940614,regular
5,527,121,88.86532343584305,trend
5,528,46,74.5493107104984,regular
5,529,35,2.757158006362672,regular
5,530,39,89.7136797454931,trend
5,531,26,6.468716861081654,regular
5,532,214,41.251325556733825,regular
5,533,217,50.47720042417816,regular
5,534,69,6.044538706256628,regular
5,535,186,74.76139978791092,regular
5,536,145,63.62672322375398,regular
5,537,425,45.387062566277834,regular
5,538,71,93.00106044538707,trend
5,539,47,85.25980911983034,trend
5,540,53,15.37645811240721,regular
5,541,110,34.252386002120886,regular
5,542,122,61.717921527041355,regular
5,543,158,64.36903499469777,regular
5,544,26,2.651113467656416,regular
5,545,146,28.738069989395548,regular
5,546,50,35.73700954400849,regular
5,547,20,64.47507953340403,new
5,548,127,31.601272534464474,regular
5,549,22,66.2778366914104,new
5,550,33,18.87592788971368,regular
5,551,264,37.75185577942736,regular
5,552,74,14.528101802757156,regular
5,553,88,92.15270413573701,trend
5,554,98,48.78048780487805,regular
5,555,46,71.79215270413573,regular
5,556,38,91.62248144220572,trend
5,557,47,39.76670201484623,regular
5,558,17,72.1102863202545,new
5,559,63,76.56415694591729,regular
5,560,86,59.597030752916226,regular
5,561,317,47.932131495228,regular
5,562,65,84.94167550371155,trend
5,563,26,20.46659597030753,regular
5,564,28,79.53340402969246,regular
5,565,28,54.2948038176034,regular
5,566,126,63.20254506892895,regular
5,567,133,85.79003181336161,trend
5,568,72,80.27571580063628,regular
5,569,61,19.19406150583245,regular
5,570,20,4.665959703075292,new
5,571,17,98.62142099681867,new
5,572,18,29.798515376458113,new
5,573,43,95.54612937433721,trend
5,574,38,57.68822905620361,regular
5,575,23,99.15164369034994,trend
5,576,31,55.567338282078474,regular
5,577,160,35.843054082714744,regular
5,578,20,8.907741251325557,new
5,579,65,60.86956521739131,regular
5,580,40,16.224814422057264,regular
5,581,22,95.97030752916224,new
5,582,56,28.419936373276776,regular
5,583,23,93.84941675503711,trend
5,584,21,46.977730646871684,new
5,585,56,51.007423117709436,regular
5,586,148,26.193001060445386,regular
5,587,86,7.423117709437964,regular
5,588,190,23.329798515376456,regular
5,589,39,5.302226935312832,regular
5,590,39,55.885471898197245,regular
5,591,70,62.566277836691405,regular
5,592,280,51.64369034994698,regular
5,593,134,45.59915164369035,regular
5,594,21,93.95546129374337,new
5,595,83,11.983032873807,regular
5,596,18,48.88653234358431,new
5,597,33,32.555673382820785,regular
5,598,23,19.300106044538705,regular
5,599,40,3.0752916224814424,regular
5,600,79,32.0254506892895,regular
5,601,133,58.112407211028625,regular
5,602,25,37.433722163308595,regular
5,603,40,83.77518557794274,trend
5,604,24,76.24602332979852,regular
5,605,77,73.70095440084835,regular
5,606,200,49.73488865323436,regular
5,607,32,82.39660657476139,trend
5,608,130,67.76246023329799,regular
5,609,24,32.97985153764581,regular
5,610,63,96.71261930010604,trend
5,611,35,66.80805938494167,regular
5,612,24,36.16118769883351,regular
5,613,24,99.36373276776246,trend
5,614,35,5.620360551431601,regular
5,615,88,71.04984093319194,regular
5,616,36,33.404029692470836,regular
5,617,92,70.20148462354189,regular
5,618,186,56.9459172852598,regular
5,619,80,29.268292682926827,regular
5,620,96,19.618239660657476,regular
5,621,144,14.846235418875928,regular
5,622,187,42.94803817603394,regular
5,623,39,83.13891834570519,trend
5,624,110,11.346765641569458,regular
5,625,83,72.32237539766702,regular
5,626,29,17.6033934252386,regular
5,627,154,41.569459172852596,regular
5,628,22,27.67762460233298,new
5,629,100,71.898197242842,regular
5,630,92,41.675503711558854,regular
5,631,17,16.861081654294804,new
5,632,103,81.6542948038176,regular
5,633,50,58.85471898197243,regular
5,634,118,23.860021208907742,regular
5,635,30,10.180275715800637,regular
5,636,18,88.54718981972428,new
5,637,85,17.497348886532343,regular
5,638,59,76.13997879109226,regular
5,639,132,69.24708377518559,regular
5,640,96,54.93107104984093,regular
5,641,35,90.56203605514315,trend
5,642,267,18.451749734888654,regular
5,643,175,57.90031813361611,regular
5,644,35,7.635206786850477,regular
5,645,107,80.38176033934252,regular
5,646,31,13.785790031813361,regular
5,647,51,39.44856839872747,regular
5,648,261,26.08695652173913,regular
5,649,22,57.05196182396607,new
5,650,265,43.37221633085896,regular
5,651,19,55.24920466595971,new
5,652,20,1.0604453870625663,new
5,653,236,28.31389183457052,regular
5,654,123,60.33934252386002,regular
5,655,499,35.949098621421,regular
5,656,21,53.128313891834566,new
5,657,26,38.91834570519618,regular
5,658,60,93.4252386002121,trend
5,659,159,69.03499469777307,regular
5,660,199,41.993637327677625,regular
5,661,103,86.21420996818664,trend
5,662,15,74.97348886532343,new
5,663,138,46.76564156945917,regular
5,664,145,75.82184517497349,regular
5,665,127,57.37009544008483,regular
5,666,207,72.42841993637327,regular
5,667,41,98.30328738069989,trend
5,668,40,23.647932131495228,regular
5,669,85,92.36479321314953,trend
5,670,41,91.51643690349947,trend
5,671,105,26.299045599151643,regular
5,672,26,37.96394485683987,regular
5,673,31,59.703075291622476,regular
5,674,35,46.23541887592789,regular
5,675,24,68.08059384941676,regular
5,676,57,85.68398727465537,trend
5,677,38,7.953340402969247,regular
5,678,24,91.9406150583245,trend
5,679,55,85.36585365853658,trend
5,680,33,90.03181336161188,trend
5,681,19,9.968186638388122,new
5,682,326,22.693531283138917,regular
5,683,64,31.283138918345703,regular
5,684,76,39.55461293743372,regular
5,685,18,13.255567338282079,new
5,686,61,97.5609756097561,trend
5,687,19,2.9692470837751856,new
5,688,20,4.135737009544008,new
5,689,29,34.35843054082714,regular
5,690,104,29.692470837751856,regular
5,691,27,93.31919406150583,trend
5,692,35,40.93319194061506,regular
5,693,126,74.23117709437965,regular
5,694,140,81.23011664899258,regular
5,695,34,9.331919406150584,regular
5,696,23,84.72958642629904,trend
5,697,86,12.30116648992577,regular
5,698,109,82.29056203605515,trend
5,699,125,24.072110286320257,regular
5,700,17,99.78791092258749,new
5,701,30,94.27359490986214,trend
5,702,28,5.1961823966065745,regular
5,703,41,39.23647932131495,regular
5,704,79,88.12301166489925,trend
5,705,99,42.84199363732768,regular
5,706,26,53.552492046659594,regular
5,707,196,50.68928950159067,regular
5,708,94,9.225874867444327,regular
5,709,122,31.70731707317073,regular
5,710,71,90.77412513255567,trend
5,711,190,45.06892895015906,regular
5,712,141,22.58748674443266,regular
5,713,23,79.63944856839873,regular
5,714,39,21.208907741251327,regular
5,715,143,43.69034994697773,regular
5,716,239,59.06680805938495,regular
5,717,78,22.163308589607635,regular
5,718,34,3.3934252386002126,regular
5,719,60,71.58006362672322,regular
5,720,26,87.59278897136798,trend
5,721,140,36.267232237539766,regular
5,722,35,6.680805938494168,regular
5,723,19,96.50053022269353,new
5,724,70,4.984093319194061,regular
5,725,22,11.240721102863201,new
5,726,22,7.211028632025451,new
5,727,287,21.633085896076352,regular
5,728,20,12.407211028632027,new
5,729,19,18.133616118769883,new
5,730,34,50.05302226935313,regular
5,731,74,83.56309650053022,trend
5,732,18,1.6967126193001063,new
5,733,87,28.525980911983034,regular
5,734,54,89.39554612937434,trend
5,735,45,67.65641569459173,regular
5,736,20,65.85365853658537,new
5,737,29,97.98515376458113,trend
5,738,133,69.98939554612937,regular
5,739,30,97.45493107104984,trend
5,740,17,10.816542948038176,new
5,741,92,60.127253446447504,regular
5,742,21,89.81972428419937,new
5,743,31,46.553552492046656,regular
5,744,23,99.57582184517497,trend
5,745,54,97.66702014846236,trend
5,746,57,67.44432661717921,regular
5,747,250,65.64156945917286,regular
5,748,92,91.83457051961824,trend
5,749,263,35.100742311770944,regular
5,750,27,2.332979851537646,regular
5,751,143,61.93001060445387,regular
5,752,61,23.223753976670203,regular
5,753,47,99.25768822905621,trend
5,754,30,23.01166489925769,regular
5,755,34,2.4390243902439024,regular
5,756,90,54.18875927889714,regular
5,757,141,31.919406150583246,regular
5,758,310,41.46341463414634,regular
5,759,26,28.101802757158005,regular
5,760,36,52.27995758218452,regular
5,761,57,13.679745493107104,regular
5,762,18,58.32449628844114,new
5,763,105,75.39766702014846,regular
5,764,95,44.85683987274655,regular
5,765,21,85.5779427359491,new
5,766,143,58.006362672322375,regular
5,767,32,87.48674443266172,trend
5,768,58,33.19194061505832,regular
5,769,22,5.408271474019088,new
5,770,55,31.495227995758217,regular
5,771,63,71.26193001060446,regular
5,772,28,16.64899257688229,regular
5,773,140,52.91622481442205,regular
5,774,192,39.660657476139974,regular
5,775,24,53.97667020148462,regular
5,776,87,79.2152704135737,regular
5,777,29,66.17179215270413,regular
5,778,59,44.32661717921527,regular
5,779,32,16.33085896076352,regular
5,780,48,97.03075291622481,trend
5,781,35,98.72746553552491,trend
5,782,130,11.770943796394485,regular
5,783,27,4.029692470837752,regular
5,784,35,25.768822905620357,regular
5,785,22,97.77306468716861,new
5,786,97,79.85153764581125,regular
5,787,44,5.726405090137858,regular
5,788,216,32.66171792152704,regular
5,789,29,80.16967126193,regular
5,790,182,18.027571580063626,regular
5,791,22,14.74019088016967,new
5,792,39,8.377518557794273,regular
5,793,46,35.52492046659597,regular
5,794,33,77.41251325556733,regular
5,795,125,25.13255567338282,regular
5,796,308,33.72216330858961,regular
5,797,23,36.37327677624602,regular
5,798,196,16.01272534464475,regular
5,799,20,87.27465535524921,new
5,800,24,48.992576882290564,regular
5,801,22,5.514316012725344,new
5,802,67,20.360551431601273,regular
5,803,30,1.9088016967126193,regular
5,804,274,36.691410392364794,regular
5,805,244,22.375397667020145,regular
5,806,123,64.26299045599151,regular
5,807,171,41.78154825026511,regular
5,808,20,18.23966065747614,new
5,809,18,65.21739130434783,new
5,810,23,1.4846235418875928,regular
5,811,19,3.4994697773064685,new
5,812,17,0.5302226935312832,new
5,813,26,1.5906680805938493,regular
5,814,32,30.3287380699894,regular
5,815,158,73.48886532343585,regular
5,816,20,3.711558854718982,new
5,817,32,4.559915164369035,regular
5,818,18,17.815482502651115,new
5,819,23,53.34040296924708,regular
5,820,19,28.844114528101805,new
5,821,54,77.09437963944858,regular
5,822,22,43.266171792152704,new
5,823,158,64.050901378579,regular
5,824,18,0.10604453870625664,new
5,825,123,13.57370095440085,regular
5,826,100,34.78260869565217,regular
5,827,23,72.95864262990456,regular
5,828,87,40.19088016967126,regular
5,829,57,57.79427359490986,regular
5,830,89,79.00318133616119,regular
5,831,64,83.66914103923648,trend
5,832,22,4.7720042417815485,new
5,833,233,46.65959703075291,regular
5,834,44,82.18451749734889,trend
5,835,89,78.79109225874868,regular
5,836,42,92.78897136797455,trend
5,837,41,15.800636267232237,regular
5,838,81,86.10816542948038,trend
5,839,50,28.63202545068929,regular
5,840,172,78.4729586426299,regular
5,841,25,35.418875927889715,regular
5,842,21,74.12513255567337,new
5,843,172,53.76458112407211,regular
5,844,69,81.76033934252386,regular
5,845,22,81.44220572640509,new
5,846,349,39.978791092258746,regular
5,847,130,49.20466595970308,regular
5,848,120,75.60975609756098,regular
5,849,19,44.53870625662778,new
5,850,43,88.01696712619301,trend
5,851,170,25.45068928950159,regular
5,852,43,12.937433722163307,regular
5,853,37,2.1208907741251326,regular
5,854,180,62.67232237539767,regular
5,855,21,67.12619300106044,new
5,856,22,24.814422057264053,new
5,857,20,10.07423117709438,new
5,858,17,49.62884411452811,new
5,859,31,18.345705196182397,regular
5,860,62,34.04029692470838,regular
5,861,35,27.889713679745494,regular
5,862,144,72.53446447507953,regular
5,863,86,16.96712619300106,regular
5,864,260,30.22269353128314,regular
5,865,59,14.422057264050903,regular
5,866,18,78.89713679745493,new
5,867,81,86.63838812301167,trend
5,868,185,47.50795334040297,regular
5,869,41,37.32767762460234,regular
5,870,237,62.3541887592789,regular
5,871,96,69.56521739130434,regular
5,872,60,9.862142099681867,regular
5,873,18,7.317073170731707,new
5,874,30,81.33616118769883,regular
5,875,76,90.2439024390244,trend
5,876,18,77.83669141039236,new
5,877,71,40.084835630965,regular
5,878,111,73.80699893955462,regular
5,879,26,60.23329798515377,regular
5,880,308,20.254506892895016,regular
5,881,231,34.994697773064686,regular
5,882,112,64.15694591728526,regular
5,883,222,56.52173913043478,regular
5,884,36,74.01908801696713,regular
5,885,88,50.159066808059386,regular
5,886,192,49.94697773064687,regular
5,887,131,40.50901378579003,regular
5,888,17,52.8101802757158,new
5,889,284,49.41675503711559,regular
5,890,104,83.24496288441145,trend
5,891,42,32.87380699893955,regular
5,892,189,59.27889713679746,regular
5,893,52,14.634146341463413,regular
5,894,198,37.009544008483566,regular
5,895,18,66.59597030752916,new
5,896,315,38.70625662778367,regular
5,897,164,52.59809119830329,regular
5,898,26,60.97560975609756,regular
5,899,115,72.8525980911983,regular
5,900,39,62.03605514316013,regular
5,901,104,25.026511134676564,regular
5,902,42,84.30540827147401,trend
5,903,119,74.33722163308589,regular
5,904,38,23.435843054082714,regular
5,905,34,17.709437963944858,regular
5,906,36,24.17815482502651,regular
5,907,121,40.721102863202546,regular
5,908,60,96.18239660657476,trend
5,909,23,17.391304347826086,regular
5,910,54,72.00424178154825,regular
5,911,86,83.98727465535525,trend
5,912,48,91.41039236479321,trend
5,913,113,92.04665959703075,trend
5,914,17,42.52386002120891,new
5,915,23,61.29374337221633,regular
5,916,279,37.53976670201485,regular
5,917,30,25.980911983032872,regular
5,918,82,59.38494167550371,regular
5,919,188,34.57051961823966,regular
5,920,22,47.61399787910923,new
5,921,88,40.402969247083774,regular
5,922,108,36.47932131495228,regular
5,923,66,23.117709437963946,regular
5,924,69,86.42629904559915,trend
5,925,27,7.84729586426299,regular
5,926,17,89.50159066808058,new
5,927,100,13.997879109225874,regular
5,928,26,90.34994697773064,trend
5,929,43,99.68186638388123,trend
5,930,56,59.1728525980912,regular
5,931,54,75.2916224814422,regular
5,932,205,65.7476139978791,regular
5,933,165,51.21951219512195,regular
5,934,150,67.02014846235419,regular
5,935,32,30.54082714740191,regular
5,936,117,19.088016967126194,regular
5,937,36,67.33828207847296,regular
5,938,97,9.544008483563097,regular
5,939,40,13.891834570519618,regular
5,940,92,78.26086956521739,regular
5,941,18,66.48992576882291,new
5,942,70,84.19936373276776,trend
5,943,150,33.29798515376458,regular
6,1,215,50.68928950159067,regular
6,2,52,73.38282078472959,regular
6,3,49,10.498409331919406,regular
6,4,21,31.495227995758217,new
6,5,152,27.465535524920465,regular
6,6,185,84.51749734888652,trend
6,7,343,44.962884411452805,regular
6,8,48,66.2778366914104,regular
6,9,19,85.79003181336161,new
6,10,151,80.9119830328738,regular
6,11,159,36.05514316012725,regular
6,12,45,86.00212089077412,trend
6,13,530,25.874867444326615,regular
6,14,80,90.45599151643691,trend
6,15,92,10.71049840933192,regular
6,16,114,80.27571580063628,regular
6,17,25,38.91834570519618,regular
6,18,240,69.03499469777307,regular
6,19,18,49.73488865323436,new
6,20,43,72.32237539766702,regular
6,21,150,8.695652173913043,regular
6,22,114,27.571580063626723,regular
6,23,131,69.98939554612937,regular
6,24,60,73.48886532343585,regular
6,25,69,88.12301166489925,trend
6,26,88,14.209968186638388,regular
6,27,23,22.375397667020145,regular
6,28,71,62.884411452810184,regular
6,29,31,19.618239660657476,regular
6,30,38,46.23541887592789,regular
6,31,30,58.536585365853654,regular
6,32,36,50.159066808059386,regular
6,33,21,0.2120890774125133,new
6,34,17,1.6967126193001063,new
6,35,21,0.9544008483563097,new
6,36,17,3.6055143160127257,new
6,37,50,45.81124072110286,regular
6,38,106,12.937433722163307,regular
6,39,20,76.7762460233298,new
6,40,32,26.4050901378579,regular
6,41,43,97.13679745493107,trend
6,42,159,53.022269353128316,regular
6,43,191,38.60021208907741,regular
6,44,132,64.58112407211028,regular
6,45,43,34.88865323435843,regular
6,46,23,81.76033934252386,regular
6,47,23,14.316012725344645,regular
6,48,57,92.47083775185578,trend
6,49,186,22.163308589607635,regular
6,50,22,32.555673382820785,new
6,51,20,97.87910922587487,new
6,52,50,64.7932131495228,regular
6,53,22,88.22905620360551,new
6,54,55,43.584305408271476,regular
6,55,19,88.44114528101802,new
6,56,164,25.45068928950159,regular
6,57,91,21.633085896076352,regular
6,58,126,81.33616118769883,regular
6,59,330,49.52279957582185,regular
6,60,181,67.76246023329799,regular
6,61,19,0.7423117709437964,new
6,62,191,52.17391304347826,regular
6,63,73,22.26935312831389,regular
6,64,170,65.42948038176034,regular
6,65,68,78.15482502651113,regular
6,66,31,62.990455991516434,regular
6,67,26,9.225874867444327,regular
6,68,31,49.20466595970308,regular
6,69,57,74.33722163308589,regular
6,70,114,46.76564156945917,regular
6,71,33,95.1219512195122,trend
6,72,114,71.79215270413573,regular
6,73,58,89.60763520678685,trend
6,74,31,43.266171792152704,regular
6,75,69,9.11983032873807,regular
6,76,68,69.77730646871686,regular
6,77,63,96.39448568398727,trend
6,78,19,1.378579003181336,new
6,79,50,72.53446447507953,regular
6,80,25,93.84941675503711,trend
6,81,49,39.76670201484623,regular
6,82,149,52.27995758218452,regular
6,83,129,12.83138918345705,regular
6,84,59,34.4644750795334,regular
6,85,254,64.36903499469777,regular
6,86,19,3.0752916224814424,new
6,87,172,29.90455991516437,regular
6,88,17,46.553552492046656,new
6,89,66,42.84199363732768,regular
6,90,245,71.58006362672322,regular
6,91,86,84.41145281018028,trend
6,92,328,21.42099681866384,regular
6,93,18,13.679745493107104,new
6,94,348,33.61611876988335,regular
6,95,235,41.145281018027575,regular
6,96,47,99.46977730646871,trend
6,97,54,95.864262990456,trend
6,98,24,34.994697773064686,regular
6,99,117,30.646871686108167,regular
6,100,44,34.78260869565217,regular
6,101,57,9.544008483563097,regular
6,102,185,25.768822905620357,regular
6,103,25,80.59384941675503,regular
6,104,93,16.33085896076352,regular
6,105,21,55.46129374337222,new
6,106,55,73.80699893955462,regular
6,107,19,7.953340402969247,new
6,108,30,71.3679745493107,regular
6,109,202,25.23860021208908,regular
6,110,107,14.528101802757156,regular
6,111,22,79.74549310710498,new
6,112,36,24.284199363732768,regular
6,113,43,16.755037115588546,regular
6,114,42,96.92470837751856,trend
6,115,79,85.36585365853658,trend
6,116,121,45.49310710498409,regular
6,117,76,38.70625662778367,regular
6,118,59,82.07847295864264,regular
6,119,153,39.02439024390244,regular
6,120,24,43.79639448568399,regular
6,121,67,77.41251325556733,regular
6,122,50,65.64156945917286,regular
6,123,46,93.4252386002121,trend
6,124,21,95.3340402969247,new
6,125,160,44.53870625662778,regular
6,126,37,39.34252386002121,regular
6,127,21,23.117709437963946,new
6,128,160,55.77942735949099,regular
6,129,25,44.64475079533404,regular
6,130,286,18.87592788971368,regular
6,131,26,87.16861081654295,trend
6,132,20,98.83351007423119,new
6,133,23,53.97667020148462,regular
6,134,23,24.072110286320257,regular
6,135,48,24.390243902439025,regular
6,136,31,90.98621420996818,trend
6,137,38,38.812301166489924,regular
6,138,45,92.89501590668081,trend
6,139,19,81.12407211028632,new
6,140,19,6.574761399787911,new
6,141,96,11.770943796394485,regular
6,142,28,51.11346765641569,regular
6,143,17,41.35737009544008,new
6,144,178,67.2322375397667,regular
6,145,274,17.6033934252386,regular
6,146,22,75.71580063626723,new
6,147,17,75.82184517497349,new
6,148,54,91.51643690349947,trend
6,149,32,29.692470837751856,regular
6,150,28,73.06468716861082,regular
6,151,266,61.187698833510076,regular
6,152,86,27.1474019088017,regular
6,153,21,95.97030752916224,new
6,154,43,95.65217391304348,trend
6,155,19,0.3181336161187699,new
6,156,31,93.53128313891834,trend
6,157,42,47.08377518557794,regular
6,158,150,47.1898197242842,regular
6,159,95,5.514316012725344,regular
6,160,103,62.566277836691405,regular
6,161,47,96.60657476139978,trend
6,162,35,63.62672322375398,regular
6,163,20,95.75821845174973,new
6,164,52,10.286320254506894,regular
6,165,26,82.50265111346765,trend
6,166,18,13.361611876988336,new
6,167,54,47.720042417815485,regular
6,168,62,7.317073170731707,regular
6,169,32,94.90986214209968,trend
6,170,20,1.166489925768823,new
6,171,24,68.08059384941676,regular
6,172,22,83.66914103923648,new
6,173,35,7.211028632025451,regular
6,174,157,22.58748674443266,regular
6,175,32,99.15164369034994,trend
6,176,55,41.675503711558854,regular
6,177,101,75.60975609756098,regular
6,178,237,36.58536585365854,regular
6,179,35,57.90031813361611,regular
6,180,52,60.97560975609756,regular
6,181,278,8.48356309650053,regular
6,182,25,91.62248144220572,trend
6,183,46,28.101802757158005,regular
6,184,220,56.83987274655355,regular
6,185,42,83.03287380699894,trend
6,186,78,16.118769883351007,regular
6,187,48,78.89713679745493,regular
6,188,99,61.39978791092259,regular
6,189,162,75.39766702014846,regular
6,190,52,16.96712619300106,regular
6,191,23,83.35100742311771,trend
6,192,30,71.898197242842,regular
6,193,108,15.906680805938494,regular
6,194,271,47.295864262990456,regular
6,195,80,24.60233297985154,regular
6,196,33,40.084835630965,regular
6,197,97,41.993637327677625,regular
6,198,155,61.6118769883351,regular
6,199,34,28.31389183457052,regular
6,200,186,30.3287380699894,regular
6,201,335,41.46341463414634,regular
6,202,18,98.5153764581124,new
6,203,37,28.738069989395548,regular
6,204,38,75.50371155885472,regular
6,205,20,32.0254506892895,new
6,206,48,33.404029692470836,regular
6,207,187,35.2067868504772,regular
6,208,27,45.06892895015906,regular
6,209,29,68.82290562036056,regular
6,210,115,66.70201484623541,regular
6,211,33,70.30752916224814,regular
6,212,21,97.77306468716861,new
6,213,109,75.92788971367975,regular
6,214,109,89.81972428419937,trend
6,215,84,85.89607635206788,trend
6,216,116,71.04984093319194,regular
6,217,69,30.54082714740191,regular
6,218,48,62.24814422057264,regular
6,219,24,26.723223753976672,regular
6,220,19,8.271474019088016,new
6,221,127,32.13149522799576,regular
6,222,341,17.497348886532343,regular
6,223,92,11.346765641569458,regular
6,224,123,15.482502651113467,regular
6,225,22,94.3796394485684,new
6,226,44,85.47189819724285,trend
6,227,50,35.52492046659597,regular
6,228,19,97.34888653234358,new
6,229,27,61.82396606574761,regular
6,230,113,71.68610816542949,regular
6,231,18,77.7306468716861,new
6,232,78,96.07635206786851,trend
6,233,97,86.95652173913044,trend
6,234,386,49.41675503711559,regular
6,235,76,89.07741251325557,trend
6,236,103,84.09331919406151,trend
6,237,42,98.30328738069989,trend
6,238,25,7.635206786850477,regular
6,239,134,84.6235418875928,trend
6,240,22,32.66171792152704,new
6,241,21,29.48038176033934,new
6,242,14,19.406150583244962,new
6,243,65,65.95970307529161,regular
6,244,203,28.525980911983034,regular
6,245,18,50.79533404029692,new
6,246,174,20.784729586426298,regular
6,247,22,93.95546129374337,new
6,248,49,92.78897136797455,trend
6,249,139,68.50477200424177,regular
6,250,105,55.24920466595971,regular
6,251,65,63.94485683987274,regular
6,252,17,72.21633085896076,new
6,253,81,82.29056203605515,trend
6,254,130,31.17709437963945,regular
6,255,75,6.362672322375397,regular
6,256,174,15.270413573700955,regular
6,257,46,60.76352067868505,regular
6,258,21,26.82926829268293,new
6,259,41,73.91304347826086,regular
6,260,19,12.725344644750795,new
6,261,23,0.4241781548250266,regular
6,262,136,43.47826086956522,regular
6,263,100,90.88016967126194,trend
6,264,98,54.2948038176034,regular
6,265,41,17.921527041357372,regular
6,266,21,68.61081654294804,new
6,267,158,44.114528101802755,regular
6,268,289,23.647932131495228,regular
6,269,285,54.612937433722166,regular
6,270,115,25.026511134676564,regular
6,271,240,66.59597030752916,regular
6,272,43,98.09119830328738,trend
6,273,20,79.32131495227995,new
6,274,59,44.22057264050901,regular
6,275,86,60.33934252386002,regular
6,276,432,22.057264050901377,regular
6,277,47,58.430540827147404,regular
6,278,20,94.16755037115588,new
6,279,352,19.830328738069987,regular
6,280,228,27.889713679745494,regular
6,281,24,1.0604453870625663,regular
6,282,19,14.634146341463413,new
6,283,46,63.73276776246023,regular
6,284,42,37.6458112407211,regular
6,285,27,83.56309650053022,trend
6,286,236,33.72216330858961,regular
6,287,54,60.021208907741254,regular
6,288,63,95.54612937433721,trend
6,289,24,10.180275715800637,regular
6,290,132,54.08271474019089,regular
6,291,246,18.981972428419937,regular
6,292,109,83.98727465535525,trend
6,293,346,41.569459172852596,regular
6,294,129,13.255567338282079,regular
6,295,167,46.87168610816543,regular
6,296,123,83.45705196182396,trend
6,297,159,62.3541887592789,regular
6,298,112,82.6086956521739,trend
6,299,237,58.74867444326617,regular
6,300,17,8.059384941675503,new
6,301,238,37.32767762460234,regular
6,302,18,0.8483563096500532,new
6,303,428,22.693531283138917,regular
6,304,23,8.377518557794273,regular
6,305,185,72.64050901378579,regular
6,306,26,24.814422057264053,regular
6,307,97,81.97242841993638,regular
6,308,339,51.21951219512195,regular
6,309,17,11.983032873807,new
6,310,16,81.6542948038176,new
6,311,247,52.70413573700954,regular
6,312,191,77.62460233297985,regular
6,313,231,56.09756097560976,regular
6,314,197,12.407211028632027,regular
6,315,73,80.6998939554613,regular
6,316,68,89.92576882290561,trend
6,317,20,1.4846235418875928,new
6,318,152,45.28101802757158,regular
6,319,20,42.52386002120891,new
6,320,129,14.952279957582185,regular
6,321,110,89.28950159066808,trend
6,322,45,98.62142099681867,trend
6,323,80,59.27889713679746,regular
6,324,59,11.240721102863201,regular
6,325,117,83.13891834570519,trend
6,326,168,69.35312831389183,regular
6,327,249,54.18875927889714,regular
6,328,244,41.251325556733825,regular
6,329,59,84.83563096500531,trend
6,330,117,52.91622481442205,regular
6,331,58,68.9289501590668,regular
6,332,155,19.088016967126194,regular
6,333,23,96.28844114528103,trend
6,334,280,55.35524920466596,regular
6,335,20,3.8176033934252387,new
6,336,115,12.30116648992577,regular
6,337,30,54.5068928950159,regular
6,338,64,88.54718981972428,trend
6,339,214,61.08165429480382,regular
6,340,38,77.09437963944858,regular
6,341,17,1.2725344644750796,new
6,342,178,50.26511134676564,regular
6,343,205,57.476139978791096,regular
6,344,164,67.86850477200424,regular
6,345,204,36.16118769883351,regular
6,346,174,29.268292682926827,regular
6,347,179,35.100742311770944,regular
6,348,51,9.43796394485684,regular
6,349,36,10.816542948038176,regular
6,350,43,99.78791092258749,trend
6,351,37,3.1813361611876987,regular
6,352,35,97.03075291622481,trend
6,353,23,70.83775185577943,regular
6,354,206,68.71686108165429,regular
6,355,18,4.135737009544008,new
6,356,19,56.9459172852598,new
6,357,67,5.302226935312832,regular
6,358,32,78.04878048780488,regular
6,359,24,47.50795334040297,regular
6,360,87,90.03181336161188,trend
6,361,107,67.44432661717921,regular
6,362,23,10.604453870625663,regular
6,363,276,33.19194061505832,regular
6,364,18,5.726405090137858,new
6,365,48,43.16012725344645,regular
6,366,27,26.08695652173913,regular
6,367,50,57.79427359490986,regular
6,368,38,71.26193001060446,regular
6,369,20,84.94167550371155,new
6,370,66,94.59172852598091,trend
6,371,43,94.06150583244963,trend
6,372,56,25.980911983032872,regular
6,373,202,48.992576882290564,regular
6,374,243,25.556733828207847,regular
6,375,23,55.885471898197245,regular
6,376,27,70.73170731707317,regular
6,377,30,53.76458112407211,regular
6,378,329,24.17815482502651,regular
6,379,159,72.1102863202545,regular
6,380,139,85.04772004241782,trend
6,381,110,58.006362672322375,regular
6,382,46,80.80593849416755,regular
6,383,61,96.50053022269353,trend
6,384,20,48.14422057264051,new
6,385,240,54.82502651113468,regular
6,386,20,59.38494167550371,new
6,387,269,48.88653234358431,regular
6,388,45,26.193001060445386,regular
6,389,239,57.15800636267232,regular
6,390,27,55.037115588547195,regular
6,391,108,85.25980911983034,trend
6,392,94,70.4135737009544,regular
6,393,380,17.28525980911983,regular
6,394,131,32.87380699893955,regular
6,395,50,78.36691410392365,regular
6,396,48,2.9692470837751856,regular
6,397,80,89.50159066808058,trend
6,398,154,72.00424178154825,regular
6,399,260,23.966065747614,regular
6,400,20,9.331919406150584,new
6,401,137,64.68716861081654,regular
6,402,59,79.95758218451749,regular
6,403,41,52.59809119830329,regular
6,404,39,11.876988335100743,regular
6,405,462,20.996818663838813,regular
6,406,294,57.68822905620361,regular
6,407,199,53.87062566277837,regular
6,408,23,21.845174973488866,regular
6,409,159,79.10922587486743,regular
6,410,22,31.70731707317073,new
6,411,49,85.5779427359491,trend
6,412,44,87.0625662778367,trend
6,413,44,58.32449628844114,regular
6,414,22,55.143160127253445,new
6,415,20,82.39660657476139,new
6,416,418,26.935312831389187,regular
6,417,315,20.67868504772004,regular
6,418,17,76.45811240721103,new
6,419,28,95.44008483563097,trend
6,420,32,86.42629904559915,trend
6,421,55,96.18239660657476,trend
6,422,85,37.22163308589608,regular
6,423,55,46.129374337221634,regular
6,424,39,62.77836691410392,regular
6,425,178,39.44856839872747,regular
6,426,84,90.2439024390244,trend
6,427,27,11.028632025450689,regular
6,428,47,21.73913043478261,regular
6,429,361,34.676564156945915,regular
6,430,56,77.20042417815482,regular
6,431,19,5.620360551431601,new
6,432,55,32.97985153764581,regular
6,433,36,53.552492046659594,regular
6,434,40,12.089077412513255,regular
6,435,323,24.920466595970307,regular
6,436,120,33.29798515376458,regular
6,437,214,59.597030752916226,regular
6,438,26,40.721102863202546,regular
6,439,26,33.085896076352064,regular
6,440,40,49.09862142099682,regular
6,441,16,23.860021208907742,new
6,442,116,18.027571580063626,regular
6,443,22,9.650053022269352,new
6,444,20,88.97136797454931,new
6,445,110,51.007423117709436,regular
6,446,31,7.741251325556734,regular
6,447,120,50.05302226935313,regular
6,448,32,29.798515376458113,regular
6,449,62,48.568398727465535,regular
6,450,448,35.31283138918346,regular
6,451,82,4.665959703075292,regular
6,452,169,74.5493107104984,regular
6,453,133,48.35630965005302,regular
6,454,195,66.80805938494167,regular
6,455,146,44.85683987274655,regular
6,456,184,51.431601272534465,regular
6,457,228,48.78048780487805,regular
6,458,154,75.18557794273595,regular
6,459,100,14.422057264050903,regular
6,460,59,58.21845174973489,regular
6,461,21,30.116648992576884,new
6,462,27,50.90137857900318,regular
6,463,114,25.6627783669141,regular
6,464,43,43.05408271474019,regular
6,465,70,96.71261930010604,trend
6,466,83,66.38388123011664,regular
6,467,40,77.30646871686108,regular
6,468,120,79.42735949098622,regular
6,469,37,91.72852598091198,trend
6,470,51,48.038176033934256,regular
6,471,28,48.25026511134676,regular
6,472,224,17.709437963944858,regular
6,473,30,70.51961823966066,regular
6,474,283,69.56521739130434,regular
6,475,17,99.0455991516437,new
6,476,71,13.57370095440085,regular
6,477,32,4.3478260869565215,regular
6,478,100,51.961823966065744,regular
6,479,160,60.127253446447504,regular
6,480,51,98.93955461293743,trend
6,481,49,81.54825026511135,regular
6,482,23,28.63202545068929,regular
6,483,46,65.11134676564157,regular
6,484,114,55.567338282078474,regular
6,485,24,18.23966065747614,regular
6,486,150,19.936373276776244,regular
6,487,192,37.433722163308595,regular
6,488,132,78.79109225874868,regular
6,489,93,7.423117709437964,regular
6,490,49,72.95864262990456,regular
6,491,28,85.68398727465537,trend
6,492,48,94.69777306468717,trend
6,493,113,65.85365853658537,regular
6,494,40,93.31919406150583,trend
6,495,182,34.57051961823966,regular
6,496,114,63.83881230116649,regular
6,497,230,17.073170731707318,regular
6,498,126,83.881230116649,trend
6,499,88,87.8048780487805,trend
6,500,183,32.34358430540827,regular
6,501,58,12.61930010604454,regular
6,502,33,2.014846235418876,regular
6,503,135,76.13997879109226,regular
6,504,212,29.056203605514312,regular
6,505,91,61.717921527041355,regular
6,506,206,35.63096500530223,regular
6,507,48,16.224814422057264,regular
6,508,77,76.67020148462355,regular
6,509,30,23.753976670201485,regular
6,510,27,2.1208907741251326,regular
6,511,20,6.468716861081654,new
6,512,16,99.89395546129374,new
6,513,18,38.06998939554613,new
6,514,162,73.27677624602333,regular
6,515,33,15.588547189819725,regular
6,516,19,92.6829268292683,new
6,517,33,34.04029692470838,regular
6,518,61,11.558854718981973,regular
6,519,34,6.892895015906681,regular
6,520,21,37.75185577942736,new
6,521,124,51.64369034994698,regular
6,522,26,95.01590668080594,trend
6,523,87,41.03923647932132,regular
6,524,257,55.67338282078473,regular
6,525,48,21.527041357370095,regular
6,526,61,44.32661717921527,regular
6,527,121,88.86532343584305,trend
6,528,46,66.91410392364793,regular
6,529,37,2.863202545068929,regular
6,530,39,93.00106044538707,trend
6,531,26,7.529162248144221,regular
6,532,217,42.94803817603394,regular
6,533,218,51.3255567338282,regular
6,534,68,5.938494167550371,regular
6,535,186,69.88335100742312,regular
6,536,146,64.15694591728526,regular
6,537,424,39.55461293743372,regular
6,538,70,93.74337221633085,trend
6,539,47,78.4729586426299,regular
6,540,53,13.891834570519618,regular
6,541,111,31.919406150583246,regular
6,542,122,67.02014846235419,regular
6,543,150,64.89925768822906,regular
6,544,26,3.711558854718982,regular
6,545,145,27.359490986214208,regular
6,546,52,36.90349946977731,regular
6,547,20,65.00530222693531,new
6,548,128,39.87274655355249,regular
6,549,22,72.8525980911983,new
6,550,33,18.66383881230117,regular
6,551,262,31.38918345705196,regular
6,552,67,21.314952279957584,regular
6,553,89,91.41039236479321,trend
6,554,101,44.75079533404029,regular
6,555,46,43.69034994697773,regular
6,556,38,90.56203605514315,trend
6,557,47,42.417815482502654,regular
6,558,17,63.52067868504771,new
6,559,62,75.0795334040297,regular
6,560,88,60.55143160127253,regular
6,561,284,52.8101802757158,regular
6,562,65,78.68504772004242,regular
6,563,26,6.786850477200425,regular
6,564,28,79.2152704135737,regular
6,565,27,56.20360551431601,regular
6,566,127,62.460233297985155,regular
6,567,133,86.21420996818664,trend
6,568,72,85.15376458112407,trend
6,569,61,29.5864262990456,regular
6,570,20,6.998939554612937,new
6,571,17,99.68186638388123,new
6,572,17,13.043478260869565,new
6,573,42,94.48568398727465,trend
6,574,38,51.537645811240715,regular
6,575,24,99.57582184517497,trend
6,576,32,46.02332979851538,regular
6,577,159,41.78154825026511,regular
6,578,20,9.862142099681867,new
6,579,65,70.09544008483563,regular
6,580,40,7.104984093319194,regular
6,581,24,95.22799575821846,trend
6,582,56,26.617179215270415,regular
6,583,23,90.66808059384942,trend
6,584,21,76.033934252386,new
6,585,56,52.06786850477201,regular
6,586,149,20.46659597030753,regular
6,587,84,4.559915164369035,regular
6,588,191,34.35843054082714,regular
6,589,39,4.453870625662779,regular
6,590,38,59.490986214209975,regular
6,591,70,63.3085896076352,regular
6,592,278,52.49204665959704,regular
6,593,136,46.65959703075291,regular
6,594,21,93.6373276776246,new
6,595,78,16.436903499469775,regular
6,596,18,42.20572640509014,new
6,597,33,28.419936373276776,regular
6,598,23,18.769883351007426,regular
6,599,41,4.029692470837752,regular
6,600,78,42.3117709437964,regular
6,601,133,60.23329798515377,regular
6,602,25,31.81336161187699,regular
6,603,40,74.01908801696713,regular
6,604,24,70.94379639448569,regular
6,605,77,72.42841993637327,regular
6,606,199,53.65853658536586,regular
6,607,32,86.74443266171792,trend
6,608,129,70.20148462354189,regular
6,609,24,19.51219512195122,regular
6,610,63,92.15270413573701,trend
6,611,35,58.85471898197243,regular
6,612,24,57.26405090137858,regular
6,613,24,97.98515376458113,trend
6,614,35,6.256627783669141,regular
6,615,88,74.76139978791092,regular
6,616,37,31.071049840933192,regular
6,617,92,63.41463414634146,regular
6,618,186,58.112407211028625,regular
6,619,74,39.130434782608695,regular
6,620,95,21.10286320254507,regular
6,621,146,16.64899257688229,regular
6,622,186,35.73700954400849,regular
6,623,39,74.12513255567337,regular
6,624,123,19.724284199363733,regular
6,625,89,60.86956521739131,regular
6,626,29,13.997879109225874,regular
6,627,153,36.79745493107105,regular
6,628,22,31.601272534464474,new
6,629,102,74.97348886532343,regular
6,630,91,42.09968186638388,regular
6,631,17,49.62884411452811,new
6,632,103,79.63944856839873,regular
6,633,50,53.446447507953344,regular
6,634,118,21.951219512195124,regular
6,635,30,10.392364793213149,regular
6,636,18,86.3202545068929,new
6,637,86,15.37645811240721,regular
6,638,58,76.56415694591729,regular
6,639,132,62.142099681866384,regular
6,640,97,51.855779427359494,regular
6,641,35,87.69883351007424,trend
6,642,266,17.17921527041357,regular
6,643,176,58.96076352067868,regular
6,644,35,24.496288441145282,regular
6,645,107,84.19936373276776,trend
6,646,31,8.16542948038176,regular
6,647,47,20.14846235418876,regular
6,648,261,27.25344644750795,regular
6,649,20,64.050901378579,new
6,650,260,41.88759278897137,regular
6,651,19,64.26299045599151,new
6,652,19,2.2269353128313893,new
6,653,236,30.965005302226935,regular
6,654,122,59.703075291622476,regular
6,655,499,33.828207847295864,regular
6,656,21,36.47932131495228,new
6,657,26,45.387062566277834,regular
6,658,60,88.33510074231177,trend
6,659,159,67.9745493107105,regular
6,660,199,40.29692470837752,regular
6,661,100,87.27465535524921,trend
6,662,16,81.01802757158006,new
6,663,138,43.37221633085896,regular
6,664,147,76.24602332979852,regular
6,665,127,61.93001060445387,regular
6,666,205,73.5949098621421,regular
6,667,41,97.5609756097561,trend
6,668,41,32.7677624602333,regular
6,669,90,88.01696712619301,trend
6,670,41,87.91092258748674,trend
6,671,105,23.223753976670203,regular
6,672,26,45.91728525980912,regular
6,673,30,68.39872746553553,regular
6,674,35,47.82608695652174,regular
6,675,24,72.74655355249205,regular
6,676,66,80.16967126193,regular
6,677,44,5.090137857900318,regular
6,678,25,92.04665959703075,trend
6,679,55,86.63838812301167,trend
6,680,33,90.77412513255567,trend
6,681,19,9.75609756097561,new
6,682,328,22.90562036055143,regular
6,683,63,34.146341463414636,regular
6,684,76,38.3881230116649,regular
6,685,18,8.907741251325557,new
6,686,61,98.40933191940616,trend
6,687,19,2.757158006362672,new
6,688,20,3.923647932131495,new
6,689,31,35.949098621421,regular
6,690,104,39.23647932131495,regular
6,691,27,94.80381760339343,trend
6,692,35,35.418875927889715,regular
6,693,133,78.26086956521739,regular
6,694,140,83.24496288441145,trend
6,695,34,9.013785790031813,regular
6,696,22,80.38176033934252,new
6,697,86,12.513255567338282,regular
6,698,114,88.7592788971368,trend
6,699,125,21.208907741251327,regular
6,700,19,100.0,new
6,701,30,86.10816542948038,trend
6,702,28,6.044538706256628,regular
6,703,40,49.310710498409335,regular
6,704,79,89.18345705196182,trend
6,705,98,33.93425238600212,regular
6,706,26,42.735949098621425,regular
6,707,195,56.30965005302227,regular
6,708,94,11.134676564156946,regular
6,709,120,30.434782608695656,regular
6,710,73,91.09225874867445,trend
6,711,192,55.991516436903495,regular
6,712,141,23.01166489925769,regular
6,713,22,79.00318133616119,new
6,714,39,16.861081654294804,regular
6,715,143,47.40190880169671,regular
6,716,238,60.44538706256628,regular
6,717,78,18.55779427359491,regular
6,718,34,4.241781548250265,regular
6,719,60,66.06574761399789,regular
6,720,26,92.25874867444327,trend
6,721,140,32.44962884411453,regular
6,722,38,5.408271474019088,regular
6,723,19,86.85047720042418,new
6,724,70,5.1961823966065745,regular
6,725,22,2.545068928950159,new
6,726,22,4.878048780487805,new
6,727,275,20.890774125132555,regular
6,728,23,14.846235418875928,regular
6,729,19,3.4994697773064685,new
6,730,34,47.932131495228,regular
6,731,74,82.92682926829268,trend
6,732,18,2.4390243902439024,new
6,733,92,27.67762460233298,regular
6,734,55,87.48674443266172,trend
6,735,45,68.29268292682927,regular
6,736,20,45.705196182396605,new
6,737,28,97.66702014846236,trend
6,738,125,73.70095440084835,regular
6,739,30,97.45493107104984,trend
6,740,17,11.452810180275716,new
6,741,90,59.1728525980912,regular
6,742,22,76.88229056203606,new
6,743,31,27.783669141039237,regular
6,744,23,97.24284199363733,trend
6,745,54,98.19724284199364,trend
6,746,57,61.29374337221633,regular
6,747,251,70.62566277836692,regular
6,748,92,91.1983032873807,trend
6,749,265,34.252386002120886,regular
6,750,30,0.6362672322375398,regular
6,751,145,59.06680805938495,regular
6,752,61,18.451749734888654,regular
6,753,46,98.72746553552491,trend
6,754,30,19.300106044538705,regular
6,755,34,2.651113467656416,regular
6,756,91,44.432661717921526,regular
6,757,142,28.207847295864262,regular
6,758,310,39.660657476139974,regular
6,759,26,25.13255567338282,regular
6,760,36,43.90243902439025,regular
6,761,57,17.391304347826086,regular
6,762,18,67.55037115588547,new
6,763,106,76.35206786850478,regular
6,764,95,40.19088016967126,regular
6,765,21,80.48780487804879,new
6,766,155,68.18663838812301,regular
6,767,32,92.36479321314953,trend
6,768,58,59.91516436903499,regular
6,769,24,3.2873806998939554,regular
6,770,55,26.511134676564158,regular
6,771,63,74.44326617179216,regular
6,772,28,13.785790031813361,regular
6,773,140,51.74973488865323,regular
6,774,190,35.843054082714744,regular
6,775,24,73.17073170731707,regular
6,776,87,81.44220572640509,regular
6,777,30,69.67126193001062,regular
6,778,59,58.64262990455992,regular
6,779,32,27.995758218451748,regular
6,780,48,89.39554612937434,trend
6,781,34,99.36373276776246,trend
6,782,130,12.195121951219512,regular
6,783,26,4.984093319194061,regular
6,784,35,36.267232237539766,regular
6,785,23,96.8186638388123,trend
6,786,98,79.53340402969246,regular
6,787,49,16.542948038176032,regular
6,788,216,32.237539766702014,regular
6,789,30,66.17179215270413,regular
6,790,194,13.149522799575822,regular
6,791,22,26.299045599151643,new
6,792,39,16.01272534464475,regular
6,793,46,29.374337221633084,regular
6,794,33,65.7476139978791,regular
6,795,125,24.708377518557796,regular
6,796,311,39.978791092258746,regular
6,797,24,37.11558854718982,regular
6,798,199,17.815482502651115,regular
6,799,20,93.10710498409331,new
6,800,23,50.58324496288441,regular
6,801,22,10.07423117709438,new
6,802,66,20.254506892895016,regular
6,803,30,1.5906680805938493,regular
6,804,274,38.49416755037115,regular
6,805,244,27.041357370095444,regular
6,806,124,64.47507953340403,regular
6,807,172,47.61399787910923,regular
6,808,20,30.75291622481442,new
6,809,18,44.008483563096505,new
6,810,24,3.3934252386002126,regular
6,811,18,4.7720042417815485,new
6,812,17,5.832449628844114,new
6,813,26,1.8027571580063628,regular
6,814,32,25.344644750795336,regular
6,815,159,69.14103923647932,regular
6,816,20,0.5302226935312832,new
6,817,32,7.84729586426299,regular
6,818,18,20.0424178154825,new
6,819,23,54.40084835630965,regular
6,820,19,57.05196182396607,new
6,821,54,69.24708377518559,regular
6,822,21,46.977730646871684,new
6,823,159,59.80911983032874,regular
6,824,18,0.10604453870625664,new
6,825,124,13.467656415694593,regular
6,826,102,30.22269353128314,regular
6,827,24,45.17497348886532,regular
6,828,87,40.8271474019088,regular
6,829,57,49.94697773064687,regular
6,830,90,77.94273594909862,regular
6,831,64,77.51855779427359,regular
6,832,22,2.332979851537646,new
6,833,233,46.34146341463415,regular
6,834,46,79.85153764581125,regular
6,835,90,83.77518557794274,trend
6,836,42,89.7136797454931,trend
6,837,42,14.103923647932131,regular
6,838,81,87.38069989395547,trend
6,839,48,36.37327677624602,regular
6,840,172,81.86638388123012,regular
6,841,25,61.50583244962884,regular
6,842,22,84.30540827147401,new
6,843,173,57.37009544008483,regular
6,844,71,75.2916224814422,regular
6,845,22,82.18451749734889,new
6,846,349,45.59915164369035,regular
6,847,130,49.840933191940614,regular
6,848,121,77.83669141039236,regular
6,849,18,50.37115588547189,new
6,850,44,87.59278897136798,trend
6,851,171,19.19406150583245,regular
6,852,43,15.1643690349947,regular
6,853,37,1.9088016967126193,regular
6,854,178,53.23435843054083,regular
6,855,20,65.5355249204666,new
6,856,23,38.17603393425239,regular
6,857,20,6.680805938494168,new
6,858,17,74.65535524920467,new
6,859,34,18.133616118769883,regular
6,860,62,29.16224814422057,regular
6,861,35,23.54188759278897,regular
6,862,144,69.4591728525981,regular
6,863,87,20.360551431601273,regular
6,864,241,36.691410392364794,regular
6,865,60,10.922587486744433,regular
6,866,18,78.57900318133616,new
6,867,83,91.30434782608695,trend
6,868,186,48.46235418875928,regular
6,869,42,46.447507953340406,regular
6,870,236,63.0965005302227,regular
6,871,96,62.67232237539767,regular
6,872,62,6.150583244962885,regular
6,873,18,8.589607635206786,new
6,874,30,86.53234358430541,trend
6,875,76,93.21314952279958,trend
6,876,18,88.65323435843054,new
6,877,71,37.53976670201485,regular
6,878,112,76.9883351007423,regular
6,879,26,56.415694591728524,regular
6,880,308,23.329798515376456,regular
6,881,214,40.93319194061506,regular
6,882,113,63.20254506892895,regular
6,883,223,57.582184517497346,regular
6,884,36,71.47401908801697,regular
6,885,88,56.62778366914104,regular
6,886,195,54.718981972428416,regular
6,887,131,40.50901378579003,regular
6,888,17,65.21739130434783,new
6,889,284,52.38600212089077,regular
6,890,104,84.72958642629904,trend
6,891,42,48.67444326617179,regular
6,892,190,60.6574761399788,regular
6,893,52,15.058324496288442,regular
6,894,198,40.402969247083774,regular
6,895,18,53.34040296924708,new
6,896,315,33.51007423117709,regular
6,897,164,53.128313891834566,regular
6,898,26,22.799575821845174,regular
6,899,115,71.15588547189819,regular
6,900,39,54.93107104984093,regular
6,901,104,30.858960763520678,regular
6,902,42,92.57688229056204,trend
6,903,120,67.33828207847296,regular
6,904,42,15.69459172852598,regular
6,905,34,22.481442205726403,regular
6,906,36,23.435843054082714,regular
6,907,124,40.61505832449629,regular
6,908,58,94.27359490986214,trend
6,909,24,15.800636267232237,regular
6,910,49,74.23117709437965,regular
6,911,82,82.71474019088016,trend
6,912,48,90.13785790031812,trend
6,913,111,90.34994697773064,trend
6,914,17,42.62990455991517,new
6,915,24,65.32343584305409,regular
6,916,277,38.282078472958645,regular
6,917,30,28.844114528101805,regular
6,918,83,62.03605514316013,regular
6,919,188,31.283138918345703,regular
6,920,22,50.47720042417816,new
6,921,88,37.009544008483566,regular
6,922,108,37.96394485683987,regular
6,923,66,20.572640509013787,regular
6,924,71,91.9406150583245,trend
6,925,26,8.8016967126193,regular
6,926,17,81.23011664899258,new
6,927,100,11.664899257688228,regular
6,928,25,91.83457051961824,trend
6,929,43,99.25768822905621,trend
6,930,56,56.52173913043478,regular
6,931,54,67.65641569459173,regular
6,932,184,74.86744432661719,regular
6,933,159,30.010604453870627,regular
6,934,151,66.48992576882291,regular
6,935,32,28.950159066808055,regular
6,936,116,18.345705196182397,regular
6,937,36,56.733828207847296,regular
6,938,97,9.968186638388122,regular
6,939,40,14.74019088016967,regular
6,940,92,80.06362672322376,regular
6,941,19,67.12619300106044,new
6,942,70,82.82078472958642,trend
6,943,150,37.857900318133616,regular
7,1,218,51.007423117709436,regular
7,2,51,73.38282078472959,regular
7,3,49,13.043478260869565,regular
7,4,21,12.937433722163307,new
7,5,152,21.845174973488866,regular
7,6,184,83.24496288441145,trend
7,7,343,44.64475079533404,regular
7,8,49,76.35206786850478,regular
7,9,19,84.83563096500531,new
7,10,150,79.10922587486743,regular
7,11,161,33.72216330858961,regular
7,12,45,87.38069989395547,trend
7,13,530,25.980911983032872,regular
7,14,82,86.85047720042418,trend
7,15,92,12.089077412513255,regular
7,16,115,77.94273594909862,regular
7,17,25,29.056203605514312,regular
7,18,240,70.4135737009544,regular
7,19,18,60.86956521739131,new
7,20,43,72.00424178154825,regular
7,21,151,8.8016967126193,regular
7,22,114,26.08695652173913,regular
7,23,131,74.76139978791092,regular
7,24,60,80.27571580063628,regular
7,25,69,87.59278897136798,trend
7,26,89,13.255567338282079,regular
7,27,23,48.78048780487805,regular
7,28,70,62.566277836691405,regular
7,29,31,29.374337221633084,regular
7,30,38,37.6458112407211,regular
7,31,33,52.91622481442205,regular
7,32,37,41.88759278897137,regular
7,33,21,0.10604453870625664,new
7,34,16,5.1961823966065745,new
7,35,21,1.9088016967126193,new
7,36,16,3.8176033934252387,new
7,37,50,49.09862142099682,regular
7,38,106,12.513255567338282,regular
7,39,20,73.06468716861082,new
7,40,32,22.163308589607635,regular
7,41,43,96.71261930010604,trend
7,42,157,45.17497348886532,regular
7,43,192,34.88865323435843,regular
7,44,133,71.68610816542949,regular
7,45,43,28.207847295864262,regular
7,46,23,88.12301166489925,trend
7,47,22,28.738069989395548,new
7,48,57,93.10710498409331,trend
7,49,186,24.496288441145282,regular
7,50,22,41.35737009544008,new
7,51,19,99.36373276776246,new
7,52,50,67.65641569459173,regular
7,53,25,44.22057264050901,regular
7,54,56,39.978791092258746,regular
7,55,19,85.89607635206788,new
7,56,166,25.344644750795336,regular
7,57,91,17.17921527041357,regular
7,58,125,83.35100742311771,trend
7,59,333,50.47720042417816,regular
7,60,181,72.74655355249205,regular
7,61,19,0.8483563096500532,new
7,62,194,56.30965005302227,regular
7,63,78,30.858960763520678,regular
7,64,171,66.59597030752916,regular
7,65,68,72.95864262990456,regular
7,66,31,47.932131495228,regular
7,67,26,7.635206786850477,regular
7,68,31,50.159066808059386,regular
7,69,56,79.42735949098622,regular
7,70,114,37.22163308589608,regular
7,71,33,96.18239660657476,trend
7,72,113,68.9289501590668,regular
7,73,59,86.63838812301167,trend
7,74,31,47.82608695652174,regular
7,75,70,9.544008483563097,regular
7,76,68,69.56521739130434,regular
7,77,62,89.81972428419937,trend
7,78,19,1.8027571580063628,new
7,79,50,71.79215270413573,regular
7,80,25,91.1983032873807,trend
7,81,49,43.16012725344645,regular
7,82,149,56.83987274655355,regular
7,83,130,14.952279957582185,regular
7,84,58,28.63202545068929,regular
7,85,254,64.68716861081654,regular
7,86,19,2.757158006362672,new
7,87,174,31.071049840933192,regular
7,88,17,36.37327677624602,new
7,89,67,49.62884411452811,regular
7,90,248,66.48992576882291,regular
7,91,86,85.04772004241782,trend
7,92,331,21.42099681866384,regular
7,93,18,7.529162248144221,new
7,94,349,32.13149522799576,regular
7,95,233,42.735949098621425,regular
7,96,47,99.57582184517497,trend
7,97,54,97.87910922587487,trend
7,98,23,30.646871686108167,regular
7,99,116,19.724284199363733,regular
7,100,48,30.965005302226935,regular
7,101,57,5.938494167550371,regular
7,102,185,25.026511134676564,regular
7,103,25,80.80593849416755,regular
7,104,93,11.240721102863201,regular
7,105,21,47.295864262990456,new
7,106,56,76.45811240721103,regular
7,107,19,30.010604453870627,new
7,108,30,60.6574761399788,regular
7,109,204,26.82926829268293,regular
7,110,108,15.482502651113467,regular
7,111,22,82.71474019088016,new
7,112,38,21.208907741251327,regular
7,113,43,17.28525980911983,regular
7,114,43,95.44008483563097,trend
7,115,81,85.15376458112407,trend
7,116,110,35.418875927889715,regular
7,117,76,45.49310710498409,regular
7,118,61,78.68504772004242,regular
7,119,151,39.55461293743372,regular
7,120,24,53.97667020148462,regular
7,121,67,73.27677624602333,regular
7,122,51,71.26193001060446,regular
7,123,46,92.47083775185578,trend
7,124,21,98.93955461293743,new
7,125,160,37.32767762460234,regular
7,126,37,36.16118769883351,regular
7,127,21,23.753976670201485,new
7,128,158,54.93107104984093,regular
7,129,25,48.67444326617179,regular
7,130,286,19.618239660657476,regular
7,131,26,93.95546129374337,trend
7,132,20,97.5609756097561,new
7,133,24,57.05196182396607,regular
7,134,23,4.7720042417815485,regular
7,135,48,19.300106044538705,regular
7,136,31,80.9119830328738,regular
7,137,40,43.584305408271476,regular
7,138,45,88.01696712619301,trend
7,139,20,79.63944856839873,new
7,140,19,7.953340402969247,new
7,141,96,10.07423117709438,regular
7,142,28,41.993637327677625,regular
7,143,17,45.81124072110286,new
7,144,180,65.95970307529161,regular
7,145,274,19.406150583244962,regular
7,146,22,71.04984093319194,new
7,147,17,62.142099681866384,new
7,148,54,90.66808059384942,trend
7,149,30,13.891834570519618,regular
7,150,28,75.50371155885472,regular
7,151,266,57.79427359490986,regular
7,152,86,28.950159066808055,regular
7,153,21,91.51643690349947,new
7,154,43,93.21314952279958,trend
7,155,19,0.3181336161187699,new
7,156,32,95.75821845174973,trend
7,157,43,52.06786850477201,regular
7,158,151,43.79639448568399,regular
7,159,95,4.453870625662779,regular
7,160,104,65.32343584305409,regular
7,161,48,92.6829268292683,trend
7,162,35,52.59809119830329,regular
7,163,20,96.07635206786851,new
7,164,52,10.816542948038176,regular
7,165,26,83.56309650053022,trend
7,166,18,4.984093319194061,new
7,167,54,39.660657476139974,regular
7,168,62,8.589607635206786,regular
7,169,33,93.00106044538707,trend
7,170,20,0.7423117709437964,new
7,171,24,76.7762460233298,regular
7,172,22,83.45705196182396,new
7,173,38,4.029692470837752,regular
7,174,157,24.390243902439025,regular
7,175,32,98.19724284199364,trend
7,176,54,44.85683987274655,regular
7,177,100,70.83775185577943,regular
7,178,237,48.14422057264051,regular
7,179,35,48.038176033934256,regular
7,180,52,60.55143160127253,regular
7,181,275,8.377518557794273,regular
7,182,25,86.10816542948038,trend
7,183,46,25.874867444326615,regular
7,184,207,59.27889713679746,regular
7,185,43,86.53234358430541,trend
7,186,72,14.103923647932131,regular
7,187,48,78.57900318133616,regular
7,188,99,64.26299045599151,regular
7,189,160,75.92788971367975,regular
7,190,51,18.55779427359491,regular
7,191,23,67.86850477200424,regular
7,192,30,54.718981972428416,regular
7,193,108,20.996818663838813,regular
7,194,252,53.65853658536586,regular
7,195,79,28.101802757158005,regular
7,196,33,32.0254506892895,regular
7,197,98,47.40190880169671,regular
7,198,154,66.38388123011664,regular
7,199,34,26.723223753976672,regular
7,200,183,26.4050901378579,regular
7,201,335,49.840933191940614,regular
7,202,18,96.50053022269353,new
7,203,37,35.949098621421,regular
7,204,38,74.5493107104984,regular
7,205,20,33.085896076352064,new
7,206,48,32.555673382820785,regular
7,207,185,41.78154825026511,regular
7,208,29,56.415694591728524,regular
7,209,29,69.88335100742312,regular
7,210,117,60.127253446447504,regular
7,211,31,60.23329798515377,regular
7,212,21,97.03075291622481,new
7,213,109,69.24708377518559,regular
7,214,110,89.92576882290561,trend
7,215,84,89.28950159066808,trend
7,216,116,63.83881230116649,regular
7,217,69,19.088016967126194,regular
7,218,48,74.12513255567337,regular
7,219,25,25.23860021208908,regular
7,220,19,11.558854718981973,new
7,221,121,38.17603393425239,regular
7,222,341,20.46659597030753,regular
7,223,92,11.664899257688228,regular
7,224,124,16.436903499469775,regular
7,225,23,95.54612937433721,trend
7,226,42,85.36585365853658,trend
7,227,50,39.23647932131495,regular
7,228,19,96.39448568398727,new
7,229,27,66.17179215270413,regular
7,230,114,70.62566277836692,regular
7,231,18,40.721102863202546,new
7,232,79,95.65217391304348,trend
7,233,97,84.51749734888652,trend
7,234,356,46.87168610816543,regular
7,235,79,91.41039236479321,trend
7,236,104,84.09331919406151,trend
7,237,42,99.0455991516437,trend
7,238,25,8.48356309650053,regular
7,239,131,81.76033934252386,regular
7,240,20,40.19088016967126,new
7,241,21,50.05302226935313,new
7,242,16,41.675503711558854,new
7,243,69,61.82396606574761,regular
7,244,203,31.81336161187699,regular
7,245,20,49.52279957582185,new
7,246,174,20.0424178154825,regular
7,247,22,92.15270413573701,new
7,248,48,90.77412513255567,trend
7,249,139,66.80805938494167,regular
7,250,105,68.08059384941676,regular
7,251,70,68.18663838812301,regular
7,252,17,54.5068928950159,new
7,253,80,80.6998939554613,regular
7,254,130,33.93425238600212,regular
7,255,75,4.878048780487805,regular
7,256,172,15.270413573700955,regular
7,257,45,65.85365853658537,regular
7,258,21,29.5864262990456,new
7,259,40,71.898197242842,regular
7,260,19,36.47932131495228,new
7,261,23,0.4241781548250266,regular
7,262,136,34.78260869565217,regular
7,263,101,89.50159066808058,trend
7,264,98,55.991516436903495,regular
7,265,41,28.419936373276776,regular
7,266,19,67.55037115588547,new
7,267,161,37.11558854718982,regular
7,268,289,25.45068928950159,regular
7,269,286,51.3255567338282,regular
7,270,114,24.284199363732768,regular
7,271,241,67.12619300106044,regular
7,272,43,97.98515376458113,trend
7,273,19,82.92682926829268,new
7,274,58,42.94803817603394,regular
7,275,86,59.80911983032874,regular
7,276,433,20.360551431601273,regular
7,277,48,57.15800636267232,regular
7,278,20,98.5153764581124,new
7,279,352,18.981972428419937,regular
7,280,228,27.359490986214208,regular
7,281,24,1.166489925768823,regular
7,282,19,15.058324496288442,new
7,283,45,57.26405090137858,regular
7,284,43,32.87380699893955,regular
7,285,28,94.80381760339343,trend
7,286,236,30.75291622481442,regular
7,287,52,63.73276776246023,regular
7,288,62,93.31919406150583,trend
7,289,25,9.968186638388122,regular
7,290,133,48.88653234358431,regular
7,291,247,19.19406150583245,regular
7,292,109,81.23011664899258,regular
7,293,346,43.90243902439025,regular
7,294,129,12.61930010604454,regular
7,295,168,46.129374337221634,regular
7,296,122,79.74549310710498,regular
7,297,160,68.61081654294804,regular
7,298,112,83.881230116649,trend
7,299,238,53.23435843054083,regular
7,300,17,6.892895015906681,new
7,301,237,34.35843054082714,regular
7,302,19,0.6362672322375398,new
7,303,393,22.375397667020145,regular
7,304,22,8.271474019088016,new
7,305,187,73.5949098621421,regular
7,306,26,18.451749734888654,regular
7,307,98,77.41251325556733,regular
7,308,339,55.24920466595971,regular
7,309,17,11.346765641569458,new
7,310,16,81.44220572640509,new
7,311,246,53.446447507953344,regular
7,312,192,76.9883351007423,regular
7,313,232,53.128313891834566,regular
7,314,195,11.983032873807,regular
7,315,74,83.13891834570519,trend
7,316,68,93.6373276776246,trend
7,317,19,3.2873806998939554,new
7,318,152,40.50901378579003,regular
7,319,20,27.465535524920465,new
7,320,128,12.407211028632027,regular
7,321,110,87.91092258748674,trend
7,322,44,97.34888653234358,trend
7,323,79,51.11346765641569,regular
7,324,59,16.33085896076352,regular
7,325,115,80.16967126193,regular
7,326,169,69.35312831389183,regular
7,327,248,52.70413573700954,regular
7,328,244,46.447507953340406,regular
7,329,59,88.7592788971368,trend
7,330,131,58.112407211028625,regular
7,331,60,70.73170731707317,regular
7,332,154,21.527041357370095,regular
7,333,23,90.2439024390244,trend
7,334,280,54.40084835630965,regular
7,335,19,3.4994697773064685,new
7,336,115,14.846235418875928,regular
7,337,30,56.20360551431601,regular
7,338,63,87.27465535524921,trend
7,339,212,66.70201484623541,regular
7,340,38,66.06574761399789,regular
7,341,17,0.9544008483563097,new
7,342,178,46.76564156945917,regular
7,343,204,61.93001060445387,regular
7,344,165,62.884411452810184,regular
7,345,204,41.251325556733825,regular
7,346,174,38.91834570519618,regular
7,347,179,32.34358430540827,regular
7,348,51,8.695652173913043,regular
7,349,37,11.452810180275716,regular
7,350,43,99.25768822905621,trend
7,351,37,7.211028632025451,regular
7,352,35,96.60657476139978,trend
7,353,23,64.89925768822906,regular
7,354,194,74.33722163308589,regular
7,355,16,5.302226935312832,new
7,356,19,74.23117709437965,new
7,357,66,5.832449628844114,regular
7,358,32,75.71580063626723,regular
7,359,25,59.1728525980912,regular
7,360,87,85.47189819724285,trend
7,361,107,64.7932131495228,regular
7,362,23,6.044538706256628,regular
7,363,276,31.17709437963945,regular
7,364,17,6.362672322375397,new
7,365,47,46.23541887592789,regular
7,366,27,21.314952279957584,regular
7,367,50,51.855779427359494,regular
7,368,38,77.51855779427359,regular
7,369,20,77.62460233297985,new
7,370,66,94.3796394485684,trend
7,371,44,95.1219512195122,trend
7,372,56,19.830328738069987,regular
7,373,202,53.76458112407211,regular
7,374,243,26.193001060445386,regular
7,375,25,34.252386002120886,regular
7,376,27,70.30752916224814,regular
7,377,30,63.41463414634146,regular
7,378,329,24.920466595970307,regular
7,379,159,74.44326617179216,regular
7,380,140,83.66914103923648,trend
7,381,109,58.21845174973489,regular
7,382,45,80.38176033934252,regular
7,383,60,94.90986214209968,trend
7,384,20,43.37221633085896,new
7,385,240,64.58112407211028,regular
7,386,21,56.733828207847296,new
7,387,269,47.08377518557794,regular
7,388,46,32.237539766702014,regular
7,389,239,58.64262990455992,regular
7,390,27,63.20254506892895,regular
7,391,108,83.77518557794274,trend
7,392,94,76.033934252386,regular
7,393,363,15.1643690349947,regular
7,394,123,29.692470837751856,regular
7,395,51,76.24602332979852,regular
7,396,48,2.9692470837751856,regular
7,397,80,86.74443266171792,trend
7,398,154,73.17073170731707,regular
7,399,258,20.14846235418876,regular
7,400,20,8.16542948038176,new
7,401,137,72.42841993637327,regular
7,402,59,78.4729586426299,regular
7,403,41,23.966065747614,regular
7,404,35,5.620360551431601,regular
7,405,461,20.67868504772004,regular
7,406,295,58.74867444326617,regular
7,407,200,51.74973488865323,regular
7,408,24,34.04029692470838,regular
7,409,162,78.15482502651113,regular
7,410,25,63.0965005302227,regular
7,411,49,89.07741251325557,trend
7,412,45,86.3202545068929,trend
7,413,45,54.612937433722166,regular
7,414,22,67.44432661717921,new
7,415,20,81.6542948038176,new
7,416,417,30.22269353128314,regular
7,417,315,26.299045599151643,regular
7,418,17,65.64156945917286,new
7,419,28,93.4252386002121,trend
7,420,32,88.22905620360551,trend
7,421,55,95.3340402969247,trend
7,422,85,27.571580063626723,regular
7,423,55,41.46341463414634,regular
7,424,39,48.35630965005302,regular
7,425,178,35.100742311770944,regular
7,426,85,87.8048780487805,trend
7,427,27,10.286320254506894,regular
7,428,47,21.10286320254507,regular
7,429,361,36.79745493107105,regular
7,430,56,82.29056203605515,trend
7,431,18,3.6055143160127257,new
7,432,54,24.60233297985154,regular
7,433,36,61.29374337221633,regular
7,434,40,12.195121951219512,regular
7,435,324,27.995758218451748,regular
7,436,119,32.44962884411453,regular
7,437,217,54.82502651113468,regular
7,438,27,32.66171792152704,regular
7,439,25,23.329798515376456,regular
7,440,41,44.962884411452805,regular
7,441,18,18.769883351007426,new
7,442,124,31.601272534464474,regular
7,443,22,8.907741251325557,new
7,444,20,89.18345705196182,new
7,445,109,58.430540827147404,regular
7,446,32,7.84729586426299,regular
7,447,121,45.705196182396605,regular
7,448,32,40.93319194061506,regular
7,449,61,46.977730646871684,regular
7,450,451,40.61505832449629,regular
7,451,82,3.923647932131495,regular
7,452,168,75.18557794273595,regular
7,453,133,55.77942735949099,regular
7,454,197,65.7476139978791,regular
7,455,149,47.1898197242842,regular
7,456,185,57.37009544008483,regular
7,457,225,47.50795334040297,regular
7,458,151,75.82184517497349,regular
7,459,100,17.6033934252386,regular
7,460,59,59.06680805938495,regular
7,461,21,66.91410392364793,new
7,462,28,43.266171792152704,regular
7,463,114,24.17815482502651,regular
7,464,43,49.94697773064687,regular
7,465,70,95.864262990456,trend
7,466,83,63.62672322375398,regular
7,467,40,79.53340402969246,regular
7,468,121,78.26086956521739,regular
7,469,37,88.33510074231177,trend
7,470,52,43.05408271474019,regular
7,471,28,51.21951219512195,regular
7,472,225,14.422057264050903,regular
7,473,29,64.47507953340403,regular
7,474,283,71.47401908801697,regular
7,475,18,98.83351007423119,new
7,476,70,15.69459172852598,regular
7,477,32,4.241781548250265,regular
7,478,100,55.143160127253445,regular
7,479,159,65.5355249204666,regular
7,480,51,99.46977730646871,trend
7,481,49,85.25980911983034,trend
7,482,24,23.54188759278897,regular
7,483,47,69.67126193001062,regular
7,484,120,56.09756097560976,regular
7,485,24,16.96712619300106,regular
7,486,150,20.572640509013787,regular
7,487,192,31.919406150583246,regular
7,488,132,81.97242841993638,regular
7,489,93,7.317073170731707,regular
7,490,49,73.48886532343585,regular
7,491,29,76.67020148462355,regular
7,492,48,94.59172852598091,trend
7,493,114,67.2322375397667,regular
7,494,41,94.69777306468717,trend
7,495,182,33.29798515376458,regular
7,496,114,61.08165429480382,regular
7,497,227,18.23966065747614,regular
7,498,126,85.5779427359491,trend
7,499,89,92.78897136797455,trend
7,500,183,33.51007423117709,regular
7,501,59,16.01272534464475,regular
7,502,34,0.5302226935312832,regular
7,503,133,69.03499469777307,regular
7,504,201,29.90455991516437,regular
7,505,91,62.67232237539767,regular
7,506,207,36.58536585365854,regular
7,507,48,27.67762460233298,regular
7,508,78,81.01802757158006,regular
7,509,30,28.844114528101805,regular
7,510,27,2.545068928950159,regular
7,511,20,2.651113467656416,new
7,512,16,100.0,new
7,513,20,43.69034994697773,new
7,514,162,78.04878048780488,regular
7,515,31,22.90562036055143,regular
7,516,19,90.03181336161188,new
7,517,33,42.84199363732768,regular
7,518,61,11.028632025450689,regular
7,519,34,13.467656415694593,regular
7,520,21,30.3287380699894,new
7,521,121,58.536585365853654,regular
7,522,26,97.24284199363733,trend
7,523,87,44.114528101802755,regular
7,524,257,55.67338282078473,regular
7,525,48,15.588547189819725,regular
7,526,61,50.37115588547189,regular
7,527,121,87.48674443266172,trend
7,528,47,73.70095440084835,regular
7,529,37,2.863202545068929,regular
7,530,39,90.88016967126194,trend
7,531,26,6.468716861081654,regular
7,532,214,37.857900318133616,regular
7,533,217,48.568398727465535,regular
7,534,68,6.256627783669141,regular
7,535,185,74.65535524920467,regular
7,536,145,62.460233297985155,regular
7,537,425,44.008483563096505,regular
7,538,72,89.60763520678685,trend
7,539,47,86.00212089077412,trend
7,540,52,13.149522799575822,regular
7,541,110,28.525980911983034,regular
7,542,122,61.717921527041355,regular
7,543,159,70.20148462354189,regular
7,544,26,1.2725344644750796,regular
7,545,145,23.117709437963946,regular
7,546,50,40.402969247083774,regular
7,547,20,58.96076352067868,new
7,548,125,46.65959703075291,regular
7,549,22,72.21633085896076,new
7,550,33,10.498409331919406,regular
7,551,261,32.97985153764581,regular
7,552,74,9.11983032873807,regular
7,553,88,94.27359490986214,trend
7,554,101,39.44856839872747,regular
7,555,46,53.34040296924708,regular
7,556,38,93.74337221633085,trend
7,557,47,38.06998939554613,regular
7,558,17,66.2778366914104,new
7,559,63,74.86744432661719,regular
7,560,86,61.6118769883351,regular
7,561,285,52.49204665959704,regular
7,562,65,84.72958642629904,trend
7,563,26,10.71049840933192,regular
7,564,29,75.2916224814422,regular
7,565,27,59.38494167550371,regular
7,566,126,70.09544008483563,regular
7,567,131,82.39660657476139,trend
7,568,66,84.30540827147401,trend
7,569,62,25.13255567338282,regular
7,570,20,7.104984093319194,new
7,571,17,98.40933191940616,new
7,572,18,26.511134676564158,new
7,573,42,94.06150583244963,trend
7,574,38,45.06892895015906,regular
7,575,24,97.13679745493107,trend
7,576,32,62.3541887592789,regular
7,577,160,40.084835630965,regular
7,578,20,3.711558854718982,new
7,579,66,72.64050901378579,regular
7,580,41,16.755037115588546,regular
7,581,24,95.01590668080594,trend
7,582,51,35.2067868504772,regular
7,583,24,92.89501590668081,trend
7,584,21,80.48780487804879,new
7,585,52,45.91728525980912,regular
7,586,149,25.768822905620357,regular
7,587,86,9.650053022269352,regular
7,588,191,35.73700954400849,regular
7,589,39,6.150583244962885,regular
7,590,39,55.885471898197245,regular
7,591,71,62.990455991516434,regular
7,592,279,50.79533404029692,regular
7,593,135,49.41675503711559,regular
7,594,21,94.16755037115588,new
7,595,79,14.316012725344645,regular
7,596,18,41.03923647932132,new
7,597,34,38.282078472958645,regular
7,598,23,18.027571580063626,regular
7,599,41,3.3934252386002126,regular
7,600,78,45.59915164369035,regular
7,601,133,60.021208907741254,regular
7,602,26,30.116648992576884,regular
7,603,42,81.12407211028632,regular
7,604,25,68.71686108165429,regular
7,605,77,68.29268292682927,regular
7,606,199,53.022269353128316,regular
7,607,33,88.65323435843054,trend
7,608,130,70.94379639448569,regular
7,609,25,13.679745493107104,regular
7,610,63,95.97030752916224,trend
7,611,35,43.47826086956522,regular
7,612,25,49.20466595970308,regular
7,613,24,99.78791092258749,trend
7,614,34,9.43796394485684,regular
7,615,87,67.02014846235419,regular
7,616,37,12.83138918345705,regular
7,617,92,70.51961823966066,regular
7,618,186,60.97560975609756,regular
7,619,80,27.25344644750795,regular
7,620,95,23.01166489925769,regular
7,621,144,16.861081654294804,regular
7,622,189,44.53870625662778,regular
7,623,40,82.50265111346765,trend
7,624,117,21.951219512195124,regular
7,625,90,64.36903499469777,regular
7,626,29,24.814422057264053,regular
7,627,153,34.146341463414636,regular
7,628,23,22.799575821845174,regular
7,629,101,69.14103923647932,regular
7,630,91,36.691410392364794,regular
7,631,17,40.8271474019088,new
7,632,103,79.85153764581125,regular
7,633,50,51.537645811240715,regular
7,634,117,23.435843054082714,regular
7,635,30,14.634146341463413,regular
7,636,18,73.91304347826086,new
7,637,86,16.542948038176032,regular
7,638,59,76.88229056203606,regular
7,639,133,65.11134676564157,regular
7,640,96,55.037115588547195,regular
7,641,36,90.56203605514315,trend
7,642,264,16.118769883351007,regular
7,643,176,57.90031813361611,regular
7,644,35,15.37645811240721,regular
7,645,106,81.33616118769883,regular
7,646,32,10.922587486744433,regular
7,647,51,42.09968186638388,regular
7,648,261,22.693531283138917,regular
7,649,22,52.8101802757158,new
7,650,261,44.75079533404029,regular
7,651,19,67.33828207847296,new
7,652,20,1.5906680805938493,new
7,653,253,39.02439024390244,regular
7,654,126,55.35524920466596,regular
7,655,497,35.52492046659597,regular
7,656,21,38.49416755037115,new
7,657,26,41.569459172852596,regular
7,658,60,91.30434782608695,trend
7,659,160,67.76246023329799,regular
7,660,200,39.87274655355249,regular
7,661,102,87.0625662778367,trend
7,662,15,93.84941675503711,new
7,663,138,42.62990455991517,regular
7,664,147,77.09437963944858,regular
7,665,127,59.597030752916226,regular
7,666,205,72.1102863202545,regular
7,667,42,97.77306468716861,trend
7,668,41,33.61611876988335,regular
7,669,84,91.72852598091198,trend
7,670,41,91.62248144220572,trend
7,671,105,25.556733828207847,regular
7,672,25,50.58324496288441,regular
7,673,31,65.21739130434783,regular
7,674,35,27.783669141039237,regular
7,675,25,75.0795334040297,regular
7,676,66,77.7306468716861,regular
7,677,44,7.741251325556734,regular
7,678,24,91.9406150583245,trend
7,679,55,83.98727465535525,trend
7,680,33,87.16861081654295,trend
7,681,19,5.514316012725344,new
7,682,329,22.481442205726403,regular
7,683,63,37.75185577942736,regular
7,684,77,31.495227995758217,regular
7,685,18,11.134676564156946,new
7,686,61,97.45493107104984,trend
7,687,19,3.0752916224814424,new
7,688,20,6.574761399787911,new
7,689,30,30.54082714740191,regular
7,690,104,34.4644750795334,regular
7,691,27,94.48568398727465,trend
7,692,35,38.70625662778367,regular
7,693,132,78.79109225874868,regular
7,694,140,81.54825026511135,regular
7,695,34,13.361611876988336,regular
7,696,23,87.69883351007424,trend
7,697,88,11.770943796394485,regular
7,698,114,85.79003181336161,trend
7,699,125,21.73913043478261,regular
7,700,19,99.89395546129374,new
7,701,30,93.53128313891834,trend
7,702,28,4.665959703075292,regular
7,703,42,48.25026511134676,regular
7,704,79,88.44114528101802,trend
7,705,98,34.676564156945915,regular
7,706,23,48.992576882290564,regular
7,707,196,56.52173913043478,regular
7,708,94,11.876988335100743,regular
7,709,120,35.63096500530223,regular
7,710,73,88.97136797454931,trend
7,711,190,54.18875927889714,regular
7,712,142,23.223753976670203,regular
7,713,22,65.42948038176034,new
7,714,39,9.331919406150584,regular
7,715,144,50.90137857900318,regular
7,716,239,61.50583244962884,regular
7,717,79,14.528101802757156,regular
7,718,34,2.2269353128313893,regular
7,719,61,68.82290562036056,regular
7,720,26,76.56415694591729,regular
7,721,140,29.16224814422057,regular
7,722,35,6.786850477200425,regular
7,723,18,96.28844114528103,new
7,724,70,5.408271474019088,regular
7,725,22,10.392364793213149,new
7,726,22,9.75609756097561,new
7,727,276,23.647932131495228,regular
7,728,23,6.998939554612937,regular
7,729,19,18.133616118769883,new
7,730,32,58.85471898197243,regular
7,731,74,82.18451749734889,trend
7,732,18,1.6967126193001063,new
7,733,92,28.31389183457052,regular
7,734,55,90.45599151643691,trend
7,735,45,56.9459172852598,regular
7,736,20,47.720042417815485,new
7,737,29,97.66702014846236,trend
7,738,125,76.13997879109226,regular
7,739,30,99.15164369034994,trend
7,740,17,14.209968186638388,new
7,741,90,51.431601272534465,regular
7,742,22,86.42629904559915,new
7,743,31,45.387062566277834,regular
7,744,24,96.92470837751856,trend
7,745,54,98.30328738069989,trend
7,746,59,62.77836691410392,regular
7,747,228,71.15588547189819,regular
7,748,92,88.86532343584305,trend
7,749,264,29.798515376458113,regular
7,750,30,1.0604453870625663,regular
7,751,143,57.582184517497346,regular
7,752,61,16.64899257688229,regular
7,753,47,98.72746553552491,trend
7,754,30,22.26935312831389,regular
7,755,34,2.014846235418876,regular
7,756,91,49.310710498409335,regular
7,757,142,26.935312831389187,regular
7,758,310,37.53976670201485,regular
7,759,26,37.009544008483566,regular
7,760,36,52.38600212089077,regular
7,761,57,19.936373276776244,regular
7,762,18,56.62778366914104,new
7,763,105,78.89713679745493,regular
7,764,95,46.34146341463415,regular
7,765,21,86.95652173913044,new
7,766,155,72.53446447507953,regular
7,767,33,92.04665959703075,trend
7,768,58,54.2948038176034,regular
7,769,23,4.135737009544008,regular
7,770,55,18.87592788971368,regular
7,771,63,75.39766702014846,regular
7,772,28,22.58748674443266,regular
7,773,140,53.87062566277837,regular
7,774,190,35.843054082714744,regular
7,775,24,69.77730646871686,regular
7,776,86,77.83669141039236,regular
7,777,30,71.58006362672322,regular
7,778,59,54.08271474019089,regular
7,779,33,27.041357370095444,regular
7,780,49,95.22799575821846,trend
7,781,35,98.09119830328738,trend
7,782,129,12.725344644750795,regular
7,783,26,5.090137857900318,regular
7,784,35,39.34252386002121,regular
7,785,23,90.34994697773064,trend
7,786,98,81.86638388123012,regular
7,787,45,17.815482502651115,regular
7,788,217,31.283138918345703,regular
7,789,29,82.07847295864264,regular
7,790,192,17.709437963944858,regular
7,791,22,35.31283138918346,new
7,792,39,13.785790031813361,regular
7,793,46,37.96394485683987,regular
7,794,33,79.95758218451749,regular
7,795,127,27.889713679745494,regular
7,796,310,38.60021208907741,regular
7,797,24,36.90349946977731,regular
7,798,196,17.921527041357372,regular
7,799,20,96.8186638388123,new
7,800,23,17.497348886532343,regular
7,801,23,12.30116648992577,regular
7,802,66,18.66383881230117,regular
7,803,30,2.332979851537646,regular
7,804,277,36.267232237539766,regular
7,805,244,29.268292682926827,regular
7,806,123,67.9745493107105,regular
7,807,172,44.432661717921526,regular
7,808,20,33.404029692470836,new
7,809,18,62.03605514316013,new
7,810,22,1.378579003181336,new
7,811,18,3.1813361611876987,new
7,812,17,2.4390243902439024,new
7,813,26,2.1208907741251326,regular
7,814,32,23.860021208907742,regular
7,815,158,72.32237539766702,regular
7,816,20,1.4846235418875928,new
7,817,32,6.680805938494168,regular
7,818,18,55.46129374337222,new
7,819,24,46.02332979851538,regular
7,820,19,39.76670201484623,new
7,821,54,75.60975609756098,regular
7,822,21,59.490986214209975,new
7,823,159,59.91516436903499,regular
7,824,18,0.2120890774125133,new
7,825,123,14.74019088016967,regular
7,826,100,34.57051961823966,regular
7,827,24,60.44538706256628,regular
7,828,82,48.46235418875928,regular
7,829,57,60.33934252386002,regular
7,830,89,79.32131495227995,regular
7,831,64,79.2152704135737,regular
7,832,22,5.726405090137858,new
7,833,233,42.20572640509014,regular
7,834,44,85.68398727465537,trend
7,835,89,80.59384941675503,regular
7,836,42,91.83457051961824,trend
7,837,42,10.604453870625663,regular
7,838,81,82.6086956521739,trend
7,839,50,20.890774125132555,regular
7,840,172,83.03287380699894,trend
7,841,25,58.006362672322375,regular
7,842,23,80.06362672322376,regular
7,843,173,51.64369034994698,regular
7,844,71,73.80699893955462,regular
7,845,23,78.36691410392365,regular
7,846,349,42.52386002120891,regular
7,847,130,46.553552492046656,regular
7,848,120,77.20042417815482,regular
7,849,18,29.48038176033934,new
7,850,43,86.21420996818664,trend
7,851,170,25.6627783669141,regular
7,852,43,19.51219512195122,regular
7,853,37,4.3478260869565215,regular
7,854,180,63.52067868504771,regular
7,855,19,65.00530222693531,new
7,856,23,44.32661717921527,regular
7,857,20,9.225874867444327,new
7,858,17,79.00318133616119,new
7,859,31,17.073170731707318,regular
7,860,62,45.28101802757158,regular
7,861,35,22.057264050901377,regular
7,862,144,74.01908801696713,regular
7,863,87,13.57370095440085,regular
7,864,260,31.38918345705196,regular
7,865,60,16.224814422057264,regular
7,866,18,90.13785790031812,new
7,867,81,91.09225874867445,trend
7,868,186,50.68928950159067,regular
7,869,42,24.708377518557796,regular
7,870,238,62.24814422057264,regular
7,871,97,61.187698833510076,regular
7,872,60,9.013785790031813,regular
7,873,18,8.059384941675503,new
7,874,30,77.30646871686108,regular
7,875,76,92.57688229056204,trend
7,876,18,89.39554612937434,new
7,877,71,42.3117709437964,regular
7,878,111,74.97348886532343,regular
7,879,26,20.254506892895016,regular
7,880,309,21.633085896076352,regular
7,881,232,39.130434782608695,regular
7,882,114,60.76352067868505,regular
7,883,222,58.32449628844114,regular
7,884,37,68.50477200424177,regular
7,885,88,52.17391304347826,regular
7,886,193,50.26511134676564,regular
7,887,130,30.434782608695656,regular
7,888,17,69.98939554612937,new
7,889,285,52.27995758218452,regular
7,890,105,84.41145281018028,trend
7,891,43,41.145281018027575,regular
7,892,188,57.68822905620361,regular
7,893,52,7.423117709437964,regular
7,894,198,37.433722163308595,regular
7,895,18,63.94485683987274,new
7,896,315,33.828207847295864,regular
7,897,164,53.552492046659594,regular
7,898,26,47.61399787910923,regular
7,899,116,72.8525980911983,regular
7,900,39,59.703075291622476,regular
7,901,103,31.70731707317073,regular
7,902,42,88.54718981972428,trend
7,903,119,61.39978791092259,regular
7,904,39,24.072110286320257,regular
7,905,34,15.906680805938494,regular
7,906,36,26.617179215270415,regular
7,907,122,36.05514316012725,regular
7,908,63,98.62142099681867,trend
7,909,24,15.800636267232237,regular
7,910,54,69.4591728525981,regular
7,911,82,84.19936373276776,trend
7,912,48,92.25874867444327,trend
7,913,112,90.98621420996818,trend
7,914,17,42.417815482502654,new
7,915,24,64.15694591728526,regular
7,916,278,40.29692470837752,regular
7,917,30,38.3881230116649,regular
7,918,82,63.3085896076352,regular
7,919,189,38.812301166489924,regular
7,920,22,27.1474019088017,new
7,921,91,33.19194061505832,regular
7,922,109,34.994697773064686,regular
7,923,61,20.784729586426298,regular
7,924,69,89.7136797454931,trend
7,925,25,4.559915164369035,regular
7,926,17,82.82078472958642,new
7,927,102,13.997879109225874,regular
7,928,25,92.36479321314953,trend
7,929,43,99.68186638388123,trend
7,930,56,55.567338282078474,regular
7,931,54,68.39872746553553,regular
7,932,205,64.050901378579,regular
7,933,165,51.961823966065744,regular
7,934,150,57.476139978791096,regular
7,935,32,17.391304347826086,regular
7,936,116,18.345705196182397,regular
7,937,36,49.73488865323436,regular
7,938,97,9.862142099681867,regular
7,939,40,10.180275715800637,regular
7,940,93,84.6235418875928,trend
7,941,18,71.3679745493107,new
7,942,70,84.94167550371155,trend
7,943,151,32.7677624602333,regular
8,1,215,47.08377518557794,regular
8,2,51,76.033934252386,regular
8,3,49,10.71049840933192,regular
8,4,21,38.812301166489924,new
8,5,152,31.70731707317073,regular
8,6,183,85.68398727465537,trend
8,7,342,44.962884411452805,regular
8,8,48,79.63944856839873,regular
8,9,19,88.01696712619301,new
8,10,149,80.6998939554613,regular
8,11,159,38.49416755037115,regular
8,12,45,88.97136797454931,trend
8,13,530,25.874867444326615,regular
8,14,81,88.44114528101802,trend
8,15,92,13.785790031813361,regular
8,16,114,77.41251325556733,regular
8,17,26,31.38918345705196,regular
8,18,240,71.58006362672322,regular
8,19,18,53.76458112407211,new
8,20,44,57.582184517497346,regular
8,21,151,9.331919406150584,regular
8,22,114,28.950159066808055,regular
8,23,131,73.91304347826086,regular
8,24,61,81.12407211028632,regular
8,25,70,83.98727465535525,trend
8,26,89,14.103923647932131,regular
8,27,23,56.733828207847296,regular
8,28,70,68.82290562036056,regular
8,29,31,32.97985153764581,regular
8,30,38,30.434782608695656,regular
8,31,33,49.94697773064687,regular
8,32,36,41.03923647932132,regular
8,33,21,0.3181336161187699,new
8,34,17,1.8027571580063628,new
8,35,21,2.332979851537646,new
8,36,16,6.468716861081654,new
8,37,50,41.675503711558854,regular
8,38,107,16.33085896076352,regular
8,39,20,72.8525980911983,new
8,40,32,27.25344644750795,regular
8,41,43,98.72746553552491,trend
8,42,157,46.129374337221634,regular
8,43,190,44.64475079533404,regular
8,44,131,70.83775185577943,regular
8,45,44,30.646871686108167,regular
8,46,23,86.10816542948038,trend
8,47,23,11.983032873807,regular
8,48,57,93.95546129374337,trend
8,49,186,26.82926829268293,regular
8,50,22,23.329798515376456,new
8,51,19,98.09119830328738,new
8,52,50,65.5355249204666,regular
8,53,26,78.26086956521739,regular
8,54,55,50.90137857900318,regular
8,55,19,89.28950159066808,new
8,56,166,26.299045599151643,regular
8,57,91,27.571580063626723,regular
8,58,127,83.03287380699894,trend
8,59,332,51.855779427359494,regular
8,60,181,74.76139978791092,regular
8,61,19,2.2269353128313893,new
8,62,192,50.159066808059386,regular
8,63,77,26.08695652173913,regular
8,64,172,61.717921527041355,regular
8,65,69,74.5493107104984,regular
8,66,32,54.5068928950159,regular
8,67,26,7.741251325556734,regular
8,68,31,49.09862142099682,regular
8,69,56,78.79109225874868,regular
8,70,114,49.310710498409335,regular
8,71,34,96.28844114528103,trend
8,72,115,76.9883351007423,regular
8,73,58,87.38069989395547,trend
8,74,34,75.82184517497349,regular
8,75,70,11.134676564156946,regular
8,76,70,68.71686108165429,regular
8,77,62,94.06150583244963,trend
8,78,19,1.9088016967126193,new
8,79,46,63.41463414634146,regular
8,80,25,84.30540827147401,trend
8,81,50,40.402969247083774,regular
8,82,149,55.24920466595971,regular
8,83,130,12.513255567338282,regular
8,84,59,37.009544008483566,regular
8,85,254,62.990455991516434,regular
8,86,19,4.3478260869565215,new
8,87,183,28.101802757158005,regular
8,88,17,57.05196182396607,new
8,89,66,35.63096500530223,regular
8,90,248,67.76246023329799,regular
8,91,87,84.94167550371155,trend
8,92,328,21.73913043478261,regular
8,93,18,13.997879109225874,new
8,94,350,37.433722163308595,regular
8,95,237,43.69034994697773,regular
8,96,47,99.15164369034994,trend
8,97,55,97.13679745493107,trend
8,98,24,34.4644750795334,regular
8,99,116,32.87380699893955,regular
8,100,48,18.769883351007426,regular
8,101,58,8.48356309650053,regular
8,102,186,26.4050901378579,regular
8,103,25,83.66914103923648,trend
8,104,99,36.691410392364794,regular
8,105,21,57.90031813361611,new
8,106,55,78.04878048780488,regular
8,107,19,17.921527041357372,new
8,108,30,72.21633085896076,regular
8,109,201,24.814422057264053,regular
8,110,107,12.407211028632027,regular
8,111,22,83.13891834570519,new
8,112,37,24.072110286320257,regular
8,113,43,32.0254506892895,regular
8,114,43,96.8186638388123,trend
8,115,79,79.2152704135737,regular
8,116,121,41.251325556733825,regular
8,117,76,51.3255567338282,regular
8,118,59,80.16967126193,regular
8,119,151,34.78260869565217,regular
8,120,24,53.87062566277837,regular
8,121,61,90.13785790031812,trend
8,122,51,65.85365853658537,regular
8,123,47,93.31919406150583,trend
8,124,22,98.30328738069989,new
8,125,161,40.721102863202546,regular
8,126,37,30.010604453870627,regular
8,127,21,25.768822905620357,new
8,128,158,54.612937433722166,regular
8,129,25,32.44962884411453,regular
8,130,289,20.360551431601273,regular
8,131,26,94.48568398727465,trend
8,132,20,98.5153764581124,new
8,133,24,50.79533404029692,regular
8,134,23,22.799575821845174,regular
8,135,48,30.54082714740191,regular
8,136,31,91.62248144220572,trend
8,137,41,30.965005302226935,regular
8,138,45,91.72852598091198,trend
8,139,19,82.50265111346765,new
8,140,19,4.135737009544008,new
8,141,96,9.225874867444327,regular
8,142,28,48.67444326617179,regular
8,143,18,17.073170731707318,new
8,144,178,66.2778366914104,regular
8,145,274,20.14846235418876,regular
8,146,25,36.47932131495228,regular
8,147,17,68.08059384941676,new
8,148,53,93.6373276776246,trend
8,149,32,13.57370095440085,regular
8,150,28,62.24814422057264,regular
8,151,266,58.21845174973489,regular
8,152,86,30.75291622481442,regular
8,153,21,95.54612937433721,new
8,154,44,94.59172852598091,trend
8,155,19,0.6362672322375398,new
8,156,32,95.97030752916224,trend
8,157,42,45.17497348886532,regular
8,158,151,44.85683987274655,regular
8,159,95,5.1961823966065745,regular
8,160,103,64.26299045599151,regular
8,161,48,94.90986214209968,trend
8,162,35,71.04984093319194,regular
8,163,20,94.80381760339343,new
8,164,52,8.271474019088016,regular
8,165,26,87.59278897136798,trend
8,166,18,10.07423117709438,new
8,167,54,47.1898197242842,regular
8,168,62,9.968186638388122,regular
8,169,33,88.22905620360551,trend
8,170,20,0.4241781548250266,new
8,171,25,66.91410392364793,regular
8,172,22,82.82078472958642,new
8,173,38,3.2873806998939554,regular
8,174,157,22.163308589607635,regular
8,175,34,97.34888653234358,trend
8,176,54,46.34146341463415,regular
8,177,100,77.51855779427359,regular
8,178,236,45.81124072110286,regular
8,179,35,44.432661717921526,regular
8,180,53,52.91622481442205,regular
8,181,276,8.589607635206786,regular
8,182,26,85.5779427359491,trend
8,183,46,30.116648992576884,regular
8,184,220,54.93107104984093,regular
8,185,43,90.77412513255567,trend
8,186,79,19.51219512195122,regular
8,187,48,80.9119830328738,regular
8,188,99,60.86956521739131,regular
8,189,160,77.94273594909862,regular
8,190,51,17.709437963944858,regular
8,191,23,76.24602332979852,regular
8,192,30,54.40084835630965,regular
8,193,108,21.10286320254507,regular
8,194,271,47.720042417815485,regular
8,195,79,28.419936373276776,regular
8,196,34,23.223753976670203,regular
8,197,106,34.994697773064686,regular
8,198,153,65.7476139978791,regular
8,199,35,25.6627783669141,regular
8,200,184,28.207847295864262,regular
8,201,335,46.65959703075291,regular
8,202,18,98.40933191940616,new
8,203,37,32.555673382820785,regular
8,204,38,78.57900318133616,regular
8,205,20,24.284199363732768,new
8,206,48,17.815482502651115,regular
8,207,187,41.993637327677625,regular
8,208,29,48.35630965005302,regular
8,209,29,68.39872746553553,regular
8,210,115,64.68716861081654,regular
8,211,33,59.703075291622476,regular
8,212,22,96.92470837751856,new
8,213,109,74.12513255567337,regular
8,214,109,92.15270413573701,trend
8,215,78,90.98621420996818,trend
8,216,116,68.29268292682927,regular
8,217,69,15.1643690349947,regular
8,218,46,79.85153764581125,regular
8,219,25,21.951219512195124,regular
8,220,19,10.180275715800637,new
8,221,127,43.584305408271476,regular
8,222,341,20.890774125132555,regular
8,223,92,10.922587486744433,regular
8,224,124,13.891834570519618,regular
8,225,22,95.44008483563097,new
8,226,44,83.45705196182396,trend
8,227,51,27.465535524920465,regular
8,228,19,95.01590668080594,new
8,229,27,72.1102863202545,regular
8,230,114,75.71580063626723,regular
8,231,18,75.18557794273595,new
8,232,80,95.864262990456,trend
8,233,98,87.69883351007424,trend
8,234,385,52.06786850477201,regular
8,235,77,89.60763520678685,trend
8,236,103,81.01802757158006,regular
8,237,44,97.03075291622481,trend
8,238,24,7.317073170731707,regular
8,239,132,82.92682926829268,trend
8,240,20,37.857900318133616,new
8,241,21,47.50795334040297,new
8,242,17,23.01166489925769,new
8,243,66,61.08165429480382,regular
8,244,205,32.13149522799576,regular
8,245,20,46.76564156945917,new
8,246,174,20.996818663838813,regular
8,247,22,93.00106044538707,new
8,248,48,92.36479321314953,trend
8,249,140,68.50477200424177,regular
8,250,105,59.597030752916226,regular
8,251,70,61.93001060445387,regular
8,252,17,72.95864262990456,new
8,253,82,81.76033934252386,regular
8,254,141,32.34358430540827,regular
8,255,75,7.211028632025451,regular
8,256,173,15.270413573700955,regular
8,257,45,70.51961823966066,regular
8,258,20,16.436903499469775,new
8,259,40,67.55037115588547,regular
8,260,19,38.60021208907741,new
8,261,23,0.2120890774125133,regular
8,262,135,41.145281018027575,regular
8,263,108,86.42629904559915,trend
8,264,97,48.568398727465535,regular
8,265,41,11.028632025450689,regular
8,266,21,77.09437963944858,new
8,267,158,38.06998939554613,regular
8,268,289,28.844114528101805,regular
8,269,286,54.2948038176034,regular
8,270,115,31.495227995758217,regular
8,271,241,65.21739130434783,regular
8,272,43,97.66702014846236,trend
8,273,18,65.42948038176034,new
8,274,58,37.22163308589608,regular
8,275,86,61.187698833510076,regular
8,276,435,22.90562036055143,regular
8,277,47,57.15800636267232,regular
8,278,20,91.9406150583245,new
8,279,352,19.830328738069987,regular
8,280,228,23.647932131495228,regular
8,281,24,0.8483563096500532,regular
8,282,19,10.286320254506894,new
8,283,45,51.007423117709436,regular
8,284,43,45.387062566277834,regular
8,285,27,93.53128313891834,trend
8,286,236,33.29798515376458,regular
8,287,51,67.44432661717921,regular
8,288,64,93.4252386002121,trend
8,289,25,12.30116648992577,regular
8,290,132,45.49310710498409,regular
8,291,247,21.845174973488866,regular
8,292,110,80.27571580063628,regular
8,293,346,38.91834570519618,regular
8,294,129,11.664899257688228,regular
8,295,167,47.82608695652174,regular
8,296,123,82.18451749734889,trend
8,297,159,69.4591728525981,regular
8,298,113,79.95758218451749,regular
8,299,237,59.27889713679746,regular
8,300,17,4.878048780487805,new
8,301,239,31.81336161187699,regular
8,302,19,1.166489925768823,new
8,303,428,22.057264050901377,regular
8,304,22,2.014846235418876,new
8,305,185,73.48886532343585,regular
8,306,26,23.117709437963946,regular
8,307,97,76.67020148462355,regular
8,308,339,53.97667020148462,regular
8,309,17,16.64899257688229,new
8,310,16,76.88229056203606,new
8,311,245,51.961823966065744,regular
8,312,190,76.7762460233298,regular
8,313,231,55.567338282078474,regular
8,314,197,11.452810180275716,regular
8,315,75,84.6235418875928,trend
8,316,68,93.84941675503711,trend
8,317,20,1.2725344644750796,new
8,318,152,40.19088016967126,regular
8,319,20,39.44856839872747,new
8,320,133,15.906680805938494,regular
8,321,109,87.27465535524921,trend
8,322,44,96.39448568398727,trend
8,323,79,61.39978791092259,regular
8,324,59,15.37645811240721,regular
8,325,114,81.33616118769883,regular
8,326,169,71.47401908801697,regular
8,327,248,53.65853658536586,regular
8,328,245,45.28101802757158,regular
8,329,59,91.09225874867445,trend
8,330,117,55.46129374337222,regular
8,331,59,66.48992576882291,regular
8,332,154,18.66383881230117,regular
8,333,23,92.78897136797455,trend
8,334,281,50.58324496288441,regular
8,335,18,4.029692470837752,new
8,336,116,12.725344644750795,regular
8,337,30,39.02439024390244,regular
8,338,63,87.91092258748674,trend
8,339,211,64.15694591728526,regular
8,340,37,85.25980911983034,trend
8,341,17,2.1208907741251326,new
8,342,179,47.40190880169671,regular
8,343,203,60.23329798515377,regular
8,344,167,64.47507953340403,regular
8,345,203,35.31283138918346,regular
8,346,159,37.75185577942736,regular
8,347,179,39.87274655355249,regular
8,348,52,5.408271474019088,regular
8,349,37,9.75609756097561,regular
8,350,44,98.62142099681867,trend
8,351,37,6.574761399787911,regular
8,352,36,95.65217391304348,trend
8,353,23,50.68928950159067,regular
8,354,194,75.2916224814422,regular
8,355,18,3.0752916224814424,new
8,356,19,74.86744432661719,new
8,357,66,8.16542948038176,regular
8,358,32,75.0795334040297,regular
8,359,25,58.85471898197243,regular
8,360,88,86.85047720042418,trend
8,361,107,69.14103923647932,regular
8,362,23,10.816542948038176,regular
8,363,276,35.418875927889715,regular
8,364,17,0.7423117709437964,new
8,365,52,35.843054082714744,regular
8,366,27,25.980911983032872,regular
8,367,52,58.32449628844114,regular
8,368,39,80.06362672322376,regular
8,369,18,91.41039236479321,new
8,370,67,91.83457051961824,trend
8,371,43,91.1983032873807,trend
8,372,56,27.995758218451748,regular
8,373,203,52.70413573700954,regular
8,374,243,24.17815482502651,regular
8,375,24,53.552492046659594,regular
8,376,27,82.07847295864264,regular
8,377,29,82.29056203605515,trend
8,378,329,29.056203605514312,regular
8,379,161,66.38388123011664,regular
8,380,138,83.35100742311771,trend
8,381,110,59.80911983032874,regular
8,382,45,75.60975609756098,regular
8,383,60,93.74337221633085,trend
8,384,20,65.32343584305409,new
8,385,240,62.03605514316013,regular
8,386,21,60.6574761399788,new
8,387,269,49.62884411452811,regular
8,388,45,26.617179215270415,regular
8,389,239,54.08271474019089,regular
8,390,27,63.0965005302227,regular
8,391,108,81.86638388123012,regular
8,392,95,71.3679745493107,regular
8,393,362,14.952279957582185,regular
8,394,132,34.252386002120886,regular
8,395,51,78.36691410392365,regular
8,396,48,2.863202545068929,regular
8,397,91,80.38176033934252,regular
8,398,154,69.98939554612937,regular
8,399,257,23.54188759278897,regular
8,400,18,7.635206786850477,new
8,401,137,70.09544008483563,regular
8,402,60,78.15482502651113,regular
8,403,42,46.87168610816543,regular
8,404,36,18.345705196182397,regular
8,405,467,21.208907741251327,regular
8,406,293,54.18875927889714,regular
8,407,199,56.83987274655355,regular
8,408,24,41.46341463414634,regular
8,409,161,80.48780487804879,regular
8,410,26,59.06680805938495,regular
8,411,49,86.21420996818664,trend
8,412,44,88.86532343584305,trend
8,413,44,49.52279957582185,regular
8,414,22,42.62990455991517,new
8,415,19,88.7592788971368,new
8,416,422,26.935312831389187,regular
8,417,315,23.860021208907742,regular
8,418,17,66.80805938494167,new
8,419,28,89.92576882290561,trend
8,420,32,90.45599151643691,trend
8,421,55,94.3796394485684,trend
8,422,85,35.2067868504772,regular
8,423,55,36.267232237539766,regular
8,424,39,49.840933191940614,regular
8,425,179,43.47826086956522,regular
8,426,85,89.7136797454931,trend
8,427,27,11.346765641569458,regular
8,428,47,20.67868504772004,regular
8,429,363,37.11558854718982,regular
8,430,56,77.20042417815482,regular
8,431,18,6.680805938494168,new
8,432,54,25.344644750795336,regular
8,433,36,63.94485683987274,regular
8,434,36,9.544008483563097,regular
8,435,323,24.390243902439025,regular
8,436,119,28.63202545068929,regular
8,437,217,55.037115588547195,regular
8,438,27,31.601272534464474,regular
8,439,25,36.37327677624602,regular
8,440,41,43.16012725344645,regular
8,441,18,12.195121951219512,new
8,442,119,22.693531283138917,regular
8,443,22,20.784729586426298,new
8,444,21,85.79003181336161,new
8,445,109,51.21951219512195,regular
8,446,32,4.665959703075292,regular
8,447,122,51.74973488865323,regular
8,448,32,37.6458112407211,regular
8,449,61,56.52173913043478,regular
8,450,451,39.978791092258746,regular
8,451,82,4.559915164369035,regular
8,452,180,63.62672322375398,regular
8,453,132,51.64369034994698,regular
8,454,197,62.884411452810184,regular
8,455,169,48.25026511134676,regular
8,456,184,47.295864262990456,regular
8,457,227,46.977730646871684,regular
8,458,152,71.26193001060446,regular
8,459,101,12.61930010604454,regular
8,460,59,55.35524920466596,regular
8,461,21,60.97560975609756,new
8,462,28,37.53976670201485,regular
8,463,114,25.13255567338282,regular
8,464,44,56.30965005302227,regular
8,465,70,97.45493107104984,trend
8,466,83,69.35312831389183,regular
8,467,40,73.17073170731707,regular
8,468,120,77.83669141039236,regular
8,469,37,89.50159066808058,trend
8,470,52,43.90243902439025,regular
8,471,28,56.62778366914104,regular
8,472,227,16.01272534464475,regular
8,473,29,74.65535524920467,regular
8,474,286,68.9289501590668,regular
8,475,17,99.25768822905621,new
8,476,70,17.497348886532343,regular
8,477,32,4.7720042417815485,regular
8,478,100,51.537645811240715,regular
8,479,161,64.89925768822906,regular
8,480,51,99.36373276776246,trend
8,481,50,81.54825026511135,regular
8,482,21,34.04029692470838,new
8,483,47,67.65641569459173,regular
8,484,120,53.022269353128316,regular
8,485,24,18.87592788971368,regular
8,486,149,17.391304347826086,regular
8,487,196,33.51007423117709,regular
8,488,131,79.42735949098622,regular
8,489,93,9.862142099681867,regular
8,490,49,75.50371155885472,regular
8,491,28,84.51749734888652,trend
8,492,48,92.04665959703075,trend
8,493,115,62.142099681866384,regular
8,494,42,90.88016967126194,trend
8,495,182,34.88865323435843,regular
8,496,114,65.11134676564157,regular
8,497,241,23.435843054082714,regular
8,498,126,85.47189819724285,trend
8,499,88,89.39554612937434,trend
8,500,185,29.5864262990456,regular
8,501,58,13.679745493107104,regular
8,502,34,1.4846235418875928,regular
8,503,134,73.06468716861082,regular
8,504,211,31.071049840933192,regular
8,505,91,61.29374337221633,regular
8,506,206,36.16118769883351,regular
8,507,49,14.74019088016967,regular
8,508,78,78.4729586426299,regular
8,509,30,8.907741251325557,regular
8,510,25,0.5302226935312832,regular
8,511,20,1.5906680805938493,new
8,512,16,99.89395546129374,new
8,513,20,49.73488865323436,new
8,514,162,73.80699893955462,regular
8,515,32,19.088016967126194,regular
8,516,19,92.89501590668081,new
8,517,33,19.936373276776244,regular
8,518,62,11.240721102863201,regular
8,519,38,8.695652173913043,regular
8,520,19,48.038176033934256,new
8,521,122,55.885471898197245,regular
8,522,26,96.50053022269353,trend
8,523,88,42.20572640509014,regular
8,524,256,56.09756097560976,regular
8,525,48,18.23966065747614,regular
8,526,62,44.32661717921527,regular
8,527,112,89.07741251325557,trend
8,528,46,67.2322375397667,regular
8,529,37,2.545068928950159,regular
8,530,39,82.39660657476139,trend
8,531,26,5.726405090137858,regular
8,532,217,41.35737009544008,regular
8,533,215,53.128313891834566,regular
8,534,69,6.150583244962885,regular
8,535,185,73.70095440084835,regular
8,536,145,60.021208907741254,regular
8,537,424,46.553552492046656,regular
8,538,70,91.30434782608695,trend
8,539,47,84.09331919406151,trend
8,540,52,13.467656415694593,regular
8,541,109,27.67762460233298,regular
8,542,122,63.20254506892895,regular
8,543,150,64.58112407211028,regular
8,544,26,3.4994697773064685,regular
8,545,145,27.889713679745494,regular
8,546,50,26.511134676564158,regular
8,547,20,69.56521739130434,new
8,548,126,39.34252386002121,regular
8,549,22,57.37009544008483,new
8,550,33,8.377518557794273,regular
8,551,260,29.798515376458113,regular
8,552,74,14.422057264050903,regular
8,553,88,92.6829268292683,trend
8,554,101,53.446447507953344,regular
8,555,46,66.59597030752916,regular
8,556,38,88.33510074231177,trend
8,557,47,33.085896076352064,regular
8,558,17,68.61081654294804,new
8,559,62,77.62460233297985,regular
8,560,86,57.476139978791096,regular
8,561,286,55.991516436903495,regular
8,562,65,83.881230116649,trend
8,563,26,16.755037115588546,regular
8,564,28,62.67232237539767,regular
8,565,27,58.006362672322375,regular
8,566,128,64.7932131495228,regular
8,567,133,85.15376458112407,trend
8,568,72,82.71474019088016,trend
8,569,61,25.556733828207847,regular
8,570,20,6.786850477200425,new
8,571,17,98.83351007423119,new
8,572,18,36.05514316012725,new
8,573,43,95.3340402969247,trend
8,574,38,72.32237539766702,regular
8,575,24,99.68186638388123,trend
8,576,32,55.77942735949099,regular
8,577,159,43.79639448568399,regular
8,578,20,8.059384941675503,new
8,579,66,63.3085896076352,regular
8,580,41,16.542948038176032,regular
8,581,24,95.75821845174973,trend
8,582,56,24.708377518557796,regular
8,583,24,93.10710498409331,trend
8,584,21,79.32131495227995,new
8,585,56,49.41675503711559,regular
8,586,149,27.359490986214208,regular
8,587,86,7.84729586426299,regular
8,588,189,42.52386002120891,regular
8,589,39,7.104984093319194,regular
8,590,39,41.88759278897137,regular
8,591,71,61.6118769883351,regular
8,592,276,49.20466595970308,regular
8,593,134,40.93319194061506,regular
8,594,21,97.77306468716861,new
8,595,77,11.770943796394485,regular
8,596,18,52.27995758218452,new
8,597,34,38.17603393425239,regular
8,598,23,22.58748674443266,regular
8,599,41,3.3934252386002126,regular
8,600,79,43.266171792152704,regular
8,601,134,59.91516436903499,regular
8,602,25,17.6033934252386,regular
8,603,41,83.24496288441145,trend
8,604,25,62.3541887592789,regular
8,605,77,65.00530222693531,regular
8,606,199,55.143160127253445,regular
8,607,33,88.12301166489925,trend
8,608,130,67.9745493107105,regular
8,609,25,35.52492046659597,regular
8,610,64,96.18239660657476,trend
8,611,35,64.36903499469777,regular
8,612,25,48.78048780487805,regular
8,613,25,99.46977730646871,trend
8,614,35,2.757158006362672,regular
8,615,87,74.33722163308589,regular
8,616,39,28.31389183457052,regular
8,617,92,63.52067868504771,regular
8,618,188,60.76352067868505,regular
8,619,80,36.58536585365854,regular
8,620,97,20.254506892895016,regular
8,621,144,21.42099681866384,regular
8,622,190,43.05408271474019,regular
8,623,39,80.80593849416755,regular
8,624,116,26.193001060445386,regular
8,625,89,58.430540827147404,regular
8,626,29,27.041357370095444,regular
8,627,154,40.50901378579003,regular
8,628,23,16.224814422057264,regular
8,629,101,68.18663838812301,regular
8,630,92,42.84199363732768,regular
8,631,17,41.569459172852596,new
8,632,105,79.00318133616119,regular
8,633,51,66.17179215270413,regular
8,634,117,24.496288441145282,regular
8,635,30,9.11983032873807,regular
8,636,18,76.56415694591729,new
8,637,86,14.634146341463413,regular
8,638,59,79.10922587486743,regular
8,639,133,62.77836691410392,regular
8,640,96,50.05302226935313,regular
8,641,35,87.8048780487805,trend
8,642,265,18.133616118769883,regular
8,643,175,55.67338282078473,regular
8,644,35,15.588547189819725,regular
8,645,106,84.19936373276776,trend
8,646,32,6.362672322375397,regular
8,647,48,20.46659597030753,regular
8,648,261,28.738069989395548,regular
8,649,22,26.723223753976672,new
8,650,260,44.75079533404029,regular
8,651,19,60.55143160127253,new
8,652,19,3.711558854718982,new
8,653,253,40.61505832449629,regular
8,654,124,58.112407211028625,regular
8,655,498,37.96394485683987,regular
8,656,21,47.61399787910923,new
8,657,26,50.37115588547189,regular
8,658,60,88.54718981972428,trend
8,659,163,71.15588547189819,regular
8,660,199,42.735949098621425,regular
8,661,100,87.16861081654295,trend
8,662,16,90.66808059384942,new
8,663,139,51.11346765641569,regular
8,664,146,74.23117709437965,regular
8,665,127,59.38494167550371,regular
8,666,207,74.01908801696713,regular
8,667,42,97.98515376458113,trend
8,668,41,33.93425238600212,regular
8,669,90,86.95652173913044,trend
8,670,41,91.51643690349947,trend
8,671,106,27.783669141039237,regular
8,672,26,42.09968186638388,regular
8,673,31,67.86850477200424,regular
8,674,35,24.60233297985154,regular
8,675,24,69.03499469777307,regular
8,676,66,78.68504772004242,regular
8,677,44,5.832449628844114,regular
8,678,25,94.27359490986214,trend
8,679,55,84.72958642629904,trend
8,680,34,81.44220572640509,regular
8,681,19,7.529162248144221,new
8,682,325,23.753976670201485,regular
8,683,63,33.19194061505832,regular
8,684,76,33.828207847295864,regular
8,685,18,15.058324496288442,new
8,686,60,97.5609756097561,trend
8,687,19,5.302226935312832,new
8,688,20,3.923647932131495,new
8,689,30,21.633085896076352,regular
8,690,104,29.48038176033934,regular
8,691,27,96.60657476139978,trend
8,692,35,34.57051961823966,regular
8,693,132,76.13997879109226,regular
8,694,140,82.6086956521739,trend
8,695,35,6.256627783669141,regular
8,696,23,86.00212089077412,trend
8,697,88,11.876988335100743,regular
8,698,114,85.36585365853658,trend
8,699,125,21.527041357370095,regular
8,700,19,100.0,new
8,701,30,86.53234358430541,trend
8,702,28,4.984093319194061,regular
8,703,41,33.72216330858961,regular
8,704,80,85.04772004241782,trend
8,705,98,43.37221633085896,regular
8,706,23,42.3117709437964,regular
8,707,196,57.26405090137858,regular
8,708,94,12.937433722163307,regular
8,709,121,34.146341463414636,regular
8,710,72,93.21314952279958,trend
8,711,189,52.8101802757158,regular
8,712,135,19.618239660657476,regular
8,713,23,81.23011664899258,regular
8,714,39,18.451749734888654,regular
8,715,144,44.22057264050901,regular
8,716,238,58.96076352067868,regular
8,717,78,15.800636267232237,regular
8,718,34,3.6055143160127257,regular
8,719,61,61.82396606574761,regular
8,720,26,79.74549310710498,regular
8,721,140,31.283138918345703,regular
8,722,38,4.453870625662779,regular
8,723,19,95.22799575821846,new
8,724,71,5.090137857900318,regular
8,725,22,6.044538706256628,new
8,726,22,6.998939554612937,new
8,727,278,22.481442205726403,regular
8,728,23,9.43796394485684,regular
8,729,19,15.69459172852598,new
8,730,35,39.660657476139974,regular
8,731,74,84.41145281018028,trend
8,732,18,1.378579003181336,new
8,733,92,23.966065747614,regular
8,734,54,90.34994697773064,trend
8,735,45,63.83881230116649,regular
8,736,20,52.17391304347826,new
8,737,29,97.24284199363733,trend
8,738,134,69.67126193001062,regular
8,739,30,98.19724284199364,trend
8,740,17,14.209968186638388,new
8,741,90,59.490986214209975,regular
8,742,22,87.48674443266172,new
8,743,31,18.981972428419937,regular
8,744,24,99.0455991516437,trend
8,745,54,98.93955461293743,trend
8,746,58,69.24708377518559,regular
8,747,250,67.02014846235419,regular
8,748,93,90.2439024390244,trend
8,749,264,31.919406150583246,regular
8,750,30,1.0604453870625663,regular
8,751,143,58.536585365853654,regular
8,752,62,20.0424178154825,regular
8,753,47,96.71261930010604,trend
8,754,30,10.604453870625663,regular
8,755,35,2.651113467656416,regular
8,756,92,48.46235418875928,regular
8,757,141,30.3287380699894,regular
8,758,312,39.23647932131495,regular
8,759,26,36.79745493107105,regular
8,760,36,46.23541887592789,regular
8,761,57,19.724284199363733,regular
8,762,18,38.3881230116649,new
8,763,116,71.79215270413573,regular
8,764,93,40.8271474019088,regular
8,765,18,73.5949098621421,new
8,766,155,70.4135737009544,regular
8,767,33,92.57688229056204,trend
8,768,54,58.64262990455992,regular
8,769,23,6.892895015906681,regular
8,770,55,29.268292682926827,regular
8,771,57,70.20148462354189,regular
8,772,28,13.361611876988336,regular
8,773,140,53.34040296924708,regular
8,774,192,35.100742311770944,regular
8,775,25,56.20360551431601,regular
8,776,86,78.89713679745493,regular
8,777,30,65.95970307529161,regular
8,778,59,59.1728525980912,regular
8,779,33,12.089077412513255,regular
8,780,48,94.16755037115588,trend
8,781,34,99.57582184517497,trend
8,782,130,12.83138918345705,regular
8,783,26,7.423117709437964,regular
8,784,35,45.91728525980912,regular
8,785,23,97.87910922587487,trend
8,786,96,79.53340402969246,regular
8,787,44,15.482502651113467,regular
8,788,218,34.676564156945915,regular
8,789,29,48.14422057264051,regular
8,790,180,16.118769883351007,regular
8,791,22,16.861081654294804,new
8,792,39,11.558854718981973,regular
8,793,49,31.17709437963945,regular
8,794,34,70.62566277836692,regular
8,795,126,27.1474019088017,regular
8,796,308,39.130434782608695,regular
8,797,24,40.29692470837752,regular
8,798,197,18.027571580063626,regular
8,799,20,94.69777306468717,new
8,800,25,51.431601272534465,regular
8,801,23,8.8016967126193,regular
8,802,66,16.96712619300106,regular
8,803,30,1.6967126193001063,regular
8,804,279,36.90349946977731,regular
8,805,244,24.920466595970307,regular
8,806,123,64.050901378579,regular
8,807,172,46.447507953340406,regular
8,808,20,32.7677624602333,new
8,809,18,66.06574761399789,new
8,810,24,2.4390243902439024,regular
8,811,18,5.620360551431601,new
8,812,17,2.9692470837751856,new
8,813,26,3.1813361611876987,regular
8,814,32,29.374337221633084,regular
8,815,159,72.74655355249205,regular
8,816,21,4.241781548250265,new
8,817,32,7.953340402969247,regular
8,818,18,42.94803817603394,new
8,819,24,44.008483563096505,regular
8,820,19,32.66171792152704,new
8,821,54,73.38282078472959,regular
8,822,21,52.59809119830329,new
8,823,161,65.64156945917286,regular
8,824,18,0.10604453870625664,new
8,825,123,14.528101802757156,regular
8,826,100,30.858960763520678,regular
8,827,25,48.992576882290564,regular
8,828,88,29.16224814422057,regular
8,829,52,72.42841993637327,regular
8,830,89,77.7306468716861,regular
8,831,65,76.45811240721103,regular
8,832,22,5.938494167550371,new
8,833,233,45.59915164369035,regular
8,834,44,75.92788971367975,regular
8,835,89,80.59384941675503,regular
8,836,42,95.1219512195122,trend
8,837,42,13.255567338282079,regular
8,838,82,87.0625662778367,trend
8,839,50,28.525980911983034,regular
8,840,172,83.77518557794274,trend
8,841,25,30.22269353128314,regular
8,842,22,69.88335100742312,new
8,843,172,54.718981972428416,regular
8,844,71,70.94379639448569,regular
8,845,23,73.27677624602333,regular
8,846,349,44.114528101802755,regular
8,847,130,48.88653234358431,regular
8,848,119,76.35206786850478,regular
8,849,18,52.49204665959704,new
8,850,43,88.65323435843054,trend
8,851,170,25.23860021208908,regular
8,852,43,17.28525980911983,regular
8,853,34,0.9544008483563097,regular
8,854,179,61.50583244962884,regular
8,855,19,60.33934252386002,new
8,856,23,21.314952279957584,regular
8,857,20,5.514316012725344,new
8,858,18,69.77730646871686,new
8,859,35,19.19406150583245,regular
8,860,59,34.35843054082714,regular
8,861,35,22.26935312831389,regular
8,862,146,75.39766702014846,regular
8,863,87,19.406150583244962,regular
8,864,260,33.61611876988335,regular
8,865,60,10.392364793213149,regular
8,866,18,90.03181336161188,new
8,867,81,89.18345705196182,trend
8,868,186,45.705196182396605,regular
8,869,42,29.90455991516437,regular
8,870,237,67.12619300106044,regular
8,871,97,60.44538706256628,regular
8,872,60,9.013785790031813,regular
8,873,18,3.8176033934252387,new
8,874,30,85.89607635206788,trend
8,875,77,89.81972428419937,trend
8,876,18,62.460233297985155,new
8,877,65,45.06892895015906,regular
8,878,111,74.44326617179216,regular
8,879,26,47.932131495228,regular
8,880,308,20.572640509013787,regular
8,881,232,40.084835630965,regular
8,882,120,62.566277836691405,regular
8,883,223,57.79427359490986,regular
8,884,36,67.33828207847296,regular
8,885,87,56.9459172852598,regular
8,886,193,50.26511134676564,regular
8,887,133,39.76670201484623,regular
8,888,17,70.30752916224814,new
8,889,284,46.02332979851538,regular
8,890,104,84.83563096500531,trend
8,891,43,41.78154825026511,regular
8,892,190,60.127253446447504,regular
8,893,52,14.316012725344645,regular
8,894,198,37.32767762460234,regular
8,895,18,72.64050901378579,new
8,896,315,38.282078472958645,regular
8,897,155,50.47720042417816,regular
8,898,27,57.68822905620361,regular
8,899,115,74.97348886532343,regular
8,900,39,58.74867444326617,regular
8,901,103,35.73700954400849,regular
8,902,42,86.63838812301167,trend
8,903,119,71.68610816542949,regular
8,904,43,19.300106044538705,regular
8,905,34,18.55779427359491,regular
8,906,37,25.026511134676564,regular
8,907,122,44.53870625662778,regular
8,908,59,96.07635206786851,trend
8,909,21,25.45068928950159,new
8,910,54,72.53446447507953,regular
8,911,87,86.3202545068929,trend
8,912,48,92.47083775185578,trend
8,913,114,92.25874867444327,trend
8,914,17,13.149522799575822,new
8,915,24,54.82502651113468,regular
8,916,277,33.404029692470836,regular
8,917,30,39.55461293743372,regular
8,918,82,63.73276776246023,regular
8,919,188,32.237539766702014,regular
8,920,22,52.38600212089077,new
8,921,90,38.70625662778367,regular
8,922,108,42.417815482502654,regular
8,923,66,17.17921527041357,regular
8,924,69,86.74443266171792,trend
8,925,26,9.650053022269352,regular
8,926,17,81.97242841993638,new
8,927,100,14.846235418875928,regular
8,928,25,90.56203605514315,trend
8,929,43,99.78791092258749,trend
8,930,56,56.415694591728524,regular
8,931,52,77.30646871686108,regular
8,932,190,71.898197242842,regular
8,933,165,53.23435843054083,regular
8,934,151,66.70201484623541,regular
8,935,32,29.692470837751856,regular
8,936,116,22.375397667020145,regular
8,937,31,72.00424178154825,regular
8,938,98,10.498409331919406,regular
8,939,41,13.043478260869565,regular
8,940,92,81.6542948038176,regular
8,941,18,70.73170731707317,new
8,942,70,83.56309650053022,trend
8,943,151,35.949098621421,regular
9,1,219,51.74973488865323,regular
9,2,52,69.67126193001062,regular
9,3,49,13.891834570519618,regular
9,4,21,28.844114528101805,new
9,5,153,26.08695652173913,regular
9,6,183,82.71474019088016,trend
9,7,341,45.49310710498409,regular
9,8,49,76.56415694591729,regular
9,9,19,85.15376458112407,new
9,10,149,77.09437963944858,regular
9,11,159,36.58536585365854,regular
9,12,45,88.97136797454931,trend
9,13,531,26.723223753976672,regular
9,14,85,89.7136797454931,trend
9,15,92,11.134676564156946,regular
9,16,115,75.39766702014846,regular
9,17,26,37.433722163308595,regular
9,18,239,67.9745493107105,regular
9,19,17,26.617179215270415,new
9,20,44,75.71580063626723,regular
9,21,151,9.43796394485684,regular
9,22,114,20.46659597030753,regular
9,23,132,72.64050901378579,regular
9,24,61,78.79109225874868,regular
9,25,71,84.83563096500531,trend
9,26,88,16.64899257688229,regular
9,27,23,55.143160127253445,regular
9,28,71,57.79427359490986,regular
9,29,31,34.57051961823966,regular
9,30,38,23.54188759278897,regular
9,31,33,43.69034994697773,regular
9,32,36,50.79533404029692,regular
9,33,22,0.4241781548250266,new
9,34,16,5.514316012725344,new
9,35,21,0.8483563096500532,new
9,36,17,2.651113467656416,new
9,37,50,25.344644750795336,regular
9,38,107,13.997879109225874,regular
9,39,20,76.88229056203606,new
9,40,30,27.041357370095444,regular
9,41,43,97.34888653234358,trend
9,42,158,43.90243902439025,regular
9,43,190,44.22057264050901,regular
9,44,131,69.77730646871686,regular
9,45,44,22.26935312831389,regular
9,46,23,89.28950159066808,trend
9,47,23,14.316012725344645,regular
9,48,57,91.30434782608695,trend
9,49,186,20.14846235418876,regular
9,50,22,18.027571580063626,new
9,51,19,99.25768822905621,new
9,52,46,70.4135737009544,regular
9,53,24,74.5493107104984,regular
9,54,56,41.675503711558854,regular
9,55,19,87.38069989395547,new
9,56,165,25.45068928950159,regular
9,57,92,27.465535524920465,regular
9,58,126,84.19936373276776,trend
9,59,331,53.022269353128316,regular
9,60,181,70.94379639448569,regular
9,61,19,0.6362672322375398,new
9,62,207,46.129374337221634,regular
9,63,79,28.738069989395548,regular
9,64,172,61.717921527041355,regular
9,65,69,80.9119830328738,regular
9,66,32,45.91728525980912,regular
9,67,27,5.408271474019088,regular
9,68,31,54.40084835630965,regular
9,69,56,80.59384941675503,regular
9,70,115,52.70413573700954,regular
9,71,34,97.5609756097561,trend
9,72,115,77.41251325556733,regular
9,73,58,85.04772004241782,trend
9,74,35,61.82396606574761,regular
9,75,70,11.664899257688228,regular
9,76,69,65.42948038176034,regular
9,77,62,93.95546129374337,trend
9,78,17,2.332979851537646,new
9,79,50,69.88335100742312,regular
9,80,26,94.48568398727465,trend
9,81,49,42.94803817603394,regular
9,82,149,55.46129374337222,regular
9,83,131,12.195121951219512,regular
9,84,59,33.61611876988335,regular
9,85,254,60.86956521739131,regular
9,86,19,6.150583244962885,new
9,87,172,29.268292682926827,regular
9,88,17,68.61081654294804,new
9,89,66,49.62884411452811,regular
9,90,247,70.09544008483563,regular
9,91,80,90.98621420996818,trend
9,92,330,23.647932131495228,regular
9,93,18,11.346765641569458,new
9,94,349,34.994697773064686,regular
9,95,235,40.721102863202546,regular
9,96,48,99.46977730646871,trend
9,97,53,97.24284199363733,trend
9,98,25,34.252386002120886,regular
9,99,117,32.66171792152704,regular
9,100,44,40.50901378579003,regular
9,101,57,9.544008483563097,regular
9,102,186,21.42099681866384,regular
9,103,26,79.10922587486743,regular
9,104,99,32.555673382820785,regular
9,105,21,65.95970307529161,new
9,106,55,73.38282078472959,regular
9,107,19,29.798515376458113,new
9,108,30,62.884411452810184,regular
9,109,203,22.90562036055143,regular
9,110,111,14.528101802757156,regular
9,111,22,78.57900318133616,new
9,112,36,17.497348886532343,regular
9,113,44,24.814422057264053,regular
9,114,43,95.1219512195122,trend
9,115,79,86.42629904559915,trend
9,116,111,39.76670201484623,regular
9,117,76,54.18875927889714,regular
9,118,59,81.97242841993638,regular
9,119,151,39.87274655355249,regular
9,120,24,59.27889713679746,regular
9,121,67,80.6998939554613,regular
9,122,51,70.51961823966066,regular
9,123,46,94.69777306468717,trend
9,124,21,97.66702014846236,new
9,125,161,46.76564156945917,regular
9,126,37,40.19088016967126,regular
9,127,18,14.422057264050903,new
9,128,158,53.128313891834566,regular
9,129,25,52.59809119830329,regular
9,130,288,23.223753976670203,regular
9,131,26,91.51643690349947,trend
9,132,20,99.15164369034994,new
9,133,22,73.06468716861082,new
9,134,23,13.149522799575822,regular
9,135,49,26.935312831389187,regular
9,136,31,93.10710498409331,trend
9,137,40,43.05408271474019,regular
9,138,45,92.78897136797455,trend
9,139,19,78.68504772004242,new
9,140,19,2.4390243902439024,new
9,141,96,9.11983032873807,regular
9,142,28,63.94485683987274,regular
9,143,18,49.73488865323436,new
9,144,178,62.566277836691405,regular
9,145,274,18.451749734888654,regular
9,146,22,51.21951219512195,new
9,147,17,70.73170731707317,new
9,148,53,88.86532343584305,trend
9,149,32,36.16118769883351,regular
9,150,28,75.0795334040297,regular
9,151,266,58.430540827147404,regular
9,152,87,28.207847295864262,regular
9,153,21,92.57688229056204,new
9,154,43,93.84941675503711,trend
9,155,19,0.5302226935312832,new
9,156,32,95.3340402969247,trend
9,157,42,55.35524920466596,regular
9,158,150,41.251325556733825,regular
9,159,95,5.726405090137858,regular
9,160,104,70.20148462354189,regular
9,161,49,94.80381760339343,trend
9,162,36,64.7932131495228,regular
9,163,20,85.68398727465537,new
9,164,53,9.968186638388122,regular
9,165,27,87.8048780487805,trend
9,166,18,13.361611876988336,new
9,167,54,43.79639448568399,regular
9,168,63,7.741251325556734,regular
9,169,33,91.72852598091198,trend
9,170,20,0.2120890774125133,new
9,171,25,67.86850477200424,regular
9,172,23,80.38176033934252,regular
9,173,38,4.029692470837752,regular
9,174,157,24.60233297985154,regular
9,175,33,98.40933191940616,trend
9,176,54,44.64475079533404,regular
9,177,100,74.86744432661719,regular
9,178,237,41.88759278897137,regular
9,179,36,34.146341463414636,regular
9,180,52,61.50583244962884,regular
9,181,278,8.589607635206786,regular
9,182,26,90.56203605514315,trend
9,183,47,31.81336161187699,regular
9,184,220,52.8101802757158,regular
9,185,43,90.77412513255567,trend
9,186,79,17.073170731707318,regular
9,187,48,78.4729586426299,regular
9,188,99,69.24708377518559,regular
9,189,160,75.50371155885472,regular
9,190,52,16.861081654294804,regular
9,191,24,84.51749734888652,trend
9,192,30,68.08059384941676,regular
9,193,95,24.708377518557796,regular
9,194,271,48.038176033934256,regular
9,195,79,21.845174973488866,regular
9,196,34,30.75291622481442,regular
9,197,106,27.25344644750795,regular
9,198,153,60.33934252386002,regular
9,199,35,29.48038176033934,regular
9,200,184,31.17709437963945,regular
9,201,311,51.961823966065744,regular
9,202,18,96.60657476139978,new
9,203,37,21.10286320254507,regular
9,204,38,67.65641569459173,regular
9,205,20,44.32661717921527,new
9,206,48,36.05514316012725,regular
9,207,185,38.49416755037115,regular
9,208,29,54.08271474019089,regular
9,209,29,67.02014846235419,regular
9,210,115,64.26299045599151,regular
9,211,31,71.68610816542949,regular
9,212,21,96.28844114528103,new
9,213,109,70.62566277836692,regular
9,214,109,87.16861081654295,trend
9,215,84,86.63838812301167,trend
9,216,117,69.03499469777307,regular
9,217,69,20.572640509013787,regular
9,218,48,74.33722163308589,regular
9,219,25,27.359490986214208,regular
9,220,20,13.467656415694593,new
9,221,127,43.47826086956522,regular
9,222,342,18.23966065747614,regular
9,223,92,9.331919406150584,regular
9,224,124,15.482502651113467,regular
9,225,22,95.864262990456,new
9,226,42,88.22905620360551,trend
9,227,51,21.314952279957584,regular
9,228,19,94.06150583244963,new
9,229,27,43.266171792152704,regular
9,230,114,74.97348886532343,regular
9,231,19,68.29268292682927,new
9,232,79,95.01590668080594,trend
9,233,98,86.3202545068929,trend
9,234,356,45.17497348886532,regular
9,235,76,92.25874867444327,trend
9,236,104,79.32131495227995,regular
9,237,43,98.5153764581124,trend
9,238,24,4.878048780487805,regular
9,239,131,83.13891834570519,trend
9,240,20,47.61399787910923,new
9,241,21,50.68928950159067,new
9,242,17,30.010604453870627,new
9,243,67,61.39978791092259,regular
9,244,206,30.434782608695656,regular
9,245,20,54.718981972428416,new
9,246,174,20.0424178154825,regular
9,247,22,90.66808059384942,new
9,248,48,90.34994697773064,trend
9,249,141,62.03605514316013,regular
9,250,106,64.36903499469777,regular
9,251,70,68.18663838812301,regular
9,252,17,75.18557794273595,new
9,253,81,78.26086956521739,regular
9,254,141,30.858960763520678,regular
9,255,75,6.998939554612937,regular
9,256,172,18.66383881230117,regular
9,257,46,60.23329798515377,regular
9,258,19,51.3255567338282,new
9,259,40,63.3085896076352,regular
9,260,19,40.402969247083774,new
9,261,23,0.3181336161187699,regular
9,262,136,33.085896076352064,regular
9,263,101,90.45599151643691,trend
9,264,98,56.415694591728524,regular
9,265,41,28.525980911983034,regular
9,266,21,67.33828207847296,new
9,267,159,41.78154825026511,regular
9,268,289,25.23860021208908,regular
9,269,286,47.1898197242842,regular
9,270,114,29.056203605514312,regular
9,271,241,68.50477200424177,regular
9,272,43,96.8186638388123,trend
9,273,19,84.30540827147401,new
9,274,58,47.08377518557794,regular
9,275,86,62.3541887592789,regular
9,276,431,22.693531283138917,regular
9,277,47,47.50795334040297,regular
9,278,20,95.75821845174973,new
9,279,311,19.830328738069987,regular
9,280,228,23.435843054082714,regular
9,281,24,0.7423117709437964,regular
9,282,19,10.498409331919406,new
9,283,45,59.703075291622476,regular
9,284,41,34.676564156945915,regular
9,285,27,97.13679745493107,trend
9,286,238,30.22269353128314,regular
9,287,54,59.1728525980912,regular
9,288,62,91.1983032873807,trend
9,289,25,12.725344644750795,regular
9,290,133,48.35630965005302,regular
9,291,245,18.87592788971368,regular
9,292,110,81.6542948038176,regular
9,293,346,42.52386002120891,regular
9,294,130,13.043478260869565,regular
9,295,168,49.09862142099682,regular
9,296,123,83.35100742311771,trend
9,297,161,66.17179215270413,regular
9,298,112,82.39660657476139,trend
9,299,238,52.91622481442205,regular
9,300,17,6.362672322375397,new
9,301,236,32.237539766702014,regular
9,302,19,1.0604453870625663,new
9,303,428,20.254506892895016,regular
9,304,23,7.84729586426299,regular
9,305,185,71.3679745493107,regular
9,306,26,18.133616118769883,regular
9,307,98,79.85153764581125,regular
9,308,338,52.27995758218452,regular
9,309,18,13.255567338282079,new
9,310,17,77.94273594909862,new
9,311,244,51.64369034994698,regular
9,312,192,75.2916224814422,regular
9,313,231,56.9459172852598,regular
9,314,196,11.983032873807,regular
9,315,75,82.18451749734889,trend
9,316,68,92.89501590668081,trend
9,317,20,1.2725344644750796,new
9,318,152,40.93319194061506,regular
9,319,20,42.20572640509014,new
9,320,127,14.103923647932131,regular
9,321,109,90.88016967126194,trend
9,322,44,98.19724284199364,trend
9,323,80,56.83987274655355,regular
9,324,59,14.634146341463413,regular
9,325,115,78.36691410392365,regular
9,326,169,71.898197242842,regular
9,327,248,53.76458112407211,regular
9,328,247,44.432661717921526,regular
9,329,59,88.12301166489925,trend
9,330,119,55.885471898197245,regular
9,331,60,66.59597030752916,regular
9,332,153,15.058324496288442,regular
9,333,23,96.07635206786851,trend
9,334,279,51.11346765641569,regular
9,335,18,6.468716861081654,new
9,336,116,14.952279957582185,regular
9,337,30,39.978791092258746,regular
9,338,64,89.07741251325557,trend
9,339,211,66.48992576882291,regular
9,340,37,81.44220572640509,regular
9,341,17,0.9544008483563097,new
9,342,179,48.992576882290564,regular
9,343,205,57.582184517497346,regular
9,344,166,62.67232237539767,regular
9,345,204,32.87380699893955,regular
9,346,174,34.35843054082714,regular
9,347,180,36.47932131495228,regular
9,348,52,9.225874867444327,regular
9,349,37,10.07423117709438,regular
9,350,43,98.83351007423119,trend
9,351,37,4.7720042417815485,regular
9,352,35,97.98515376458113,trend
9,353,23,52.06786850477201,regular
9,354,206,70.83775185577943,regular
9,355,16,5.1961823966065745,new
9,356,20,71.58006362672322,new
9,357,66,6.574761399787911,regular
9,358,32,68.39872746553553,regular
9,359,25,44.85683987274655,regular
9,360,87,85.36585365853658,trend
9,361,108,67.12619300106044,regular
9,362,23,4.984093319194061,regular
9,363,276,30.116648992576884,regular
9,364,17,4.559915164369035,new
9,365,47,44.962884411452805,regular
9,366,28,24.072110286320257,regular
9,367,51,55.037115588547195,regular
9,368,38,69.98939554612937,regular
9,369,20,76.24602332979852,new
9,370,66,93.53128313891834,trend
9,371,43,94.16755037115588,trend
9,372,53,18.769883351007426,regular
9,373,203,50.05302226935313,regular
9,374,243,24.17815482502651,regular
9,375,26,49.20466595970308,regular
9,376,27,79.00318133616119,regular
9,377,30,59.80911983032874,regular
9,378,329,25.6627783669141,regular
9,379,162,72.1102863202545,regular
9,380,138,84.94167550371155,trend
9,381,109,58.74867444326617,regular
9,382,45,78.04878048780488,regular
9,383,60,92.36479321314953,trend
9,384,20,67.2322375397667,new
9,385,240,60.021208907741254,regular
9,386,21,60.97560975609756,new
9,387,247,53.87062566277837,regular
9,388,46,38.91834570519618,regular
9,389,240,50.47720042417816,regular
9,390,27,57.05196182396607,regular
9,391,108,84.6235418875928,trend
9,392,96,72.74655355249205,regular
9,393,362,13.57370095440085,regular
9,394,132,31.919406150583246,regular
9,395,52,79.53340402969246,regular
9,396,46,2.863202545068929,regular
9,397,91,83.56309650053022,trend
9,398,154,66.91410392364793,regular
9,399,263,24.390243902439025,regular
9,400,20,5.090137857900318,new
9,401,137,64.050901378579,regular
9,402,60,76.45811240721103,regular
9,403,41,38.3881230116649,regular
9,404,39,15.800636267232237,regular
9,405,462,21.208907741251327,regular
9,406,295,52.38600212089077,regular
9,407,201,58.536585365853654,regular
9,408,24,27.783669141039237,regular
9,409,161,77.7306468716861,regular
9,410,26,45.387062566277834,regular
9,411,49,81.76033934252386,regular
9,412,44,81.33616118769883,regular
9,413,44,48.88653234358431,regular
9,414,21,74.44326617179216,new
9,415,20,91.09225874867445,new
9,416,417,25.13255567338282,regular
9,417,315,25.874867444326615,regular
9,418,18,81.23011664899258,new
9,419,28,97.77306468716861,trend
9,420,32,86.21420996818664,trend
9,421,55,95.44008483563097,trend
9,422,85,33.51007423117709,regular
9,423,56,44.75079533404029,regular
9,424,39,46.87168610816543,regular
9,425,179,39.44856839872747,regular
9,426,86,89.81972428419937,trend
9,427,26,9.75609756097561,regular
9,428,47,15.906680805938494,regular
9,429,361,39.55461293743372,regular
9,430,56,82.6086956521739,trend
9,431,17,1.4846235418875928,new
9,432,54,37.6458112407211,regular
9,433,36,64.89925768822906,regular
9,434,40,10.922587486744433,regular
9,435,327,26.299045599151643,regular
9,436,121,34.4644750795334,regular
9,437,216,55.24920466595971,regular
9,438,26,35.63096500530223,regular
9,439,27,38.60021208907741,regular
9,440,41,53.34040296924708,regular
9,441,18,38.17603393425239,new
9,442,117,23.753976670201485,regular
9,443,22,11.558854718981973,new
9,444,20,56.62778366914104,new
9,445,110,51.537645811240715,regular
9,446,32,8.16542948038176,regular
9,447,121,46.977730646871684,regular
9,448,32,35.843054082714744,regular
9,449,62,46.23541887592789,regular
9,450,448,36.37327677624602,regular
9,451,82,4.241781548250265,regular
9,452,170,74.12513255567337,regular
9,453,132,51.855779427359494,regular
9,454,199,61.08165429480382,regular
9,455,169,47.720042417815485,regular
9,456,184,55.77942735949099,regular
9,457,230,46.553552492046656,regular
9,458,152,76.35206786850478,regular
9,459,100,19.088016967126194,regular
9,460,59,45.06892895015906,regular
9,461,21,60.76352067868505,new
9,462,27,58.006362672322375,regular
9,463,114,21.527041357370095,regular
9,464,43,62.24814422057264,regular
9,465,71,95.22799575821846,trend
9,466,86,63.62672322375398,regular
9,467,40,72.21633085896076,regular
9,468,121,74.65535524920467,regular
9,469,37,91.62248144220572,trend
9,470,48,39.02439024390244,regular
9,471,28,49.94697773064687,regular
9,472,226,19.300106044538705,regular
9,473,30,72.32237539766702,regular
9,474,284,65.64156945917286,regular
9,475,18,99.78791092258749,new
9,476,69,14.74019088016967,regular
9,477,32,4.3478260869565215,regular
9,478,100,47.932131495228,regular
9,479,158,57.90031813361611,regular
9,480,52,99.57582184517497,trend
9,481,49,86.10816542948038,trend
9,482,23,15.270413573700955,regular
9,483,49,66.70201484623541,regular
9,484,116,54.612937433722166,regular
9,485,24,19.19406150583245,regular
9,486,150,18.981972428419937,regular
9,487,193,37.22163308589608,regular
9,488,132,79.74549310710498,regular
9,489,93,6.786850477200425,regular
9,490,49,71.47401908801697,regular
9,491,29,79.95758218451749,regular
9,492,48,93.21314952279958,trend
9,493,114,61.29374337221633,regular
9,494,41,90.2439024390244,trend
9,495,182,32.13149522799576,regular
9,496,114,64.58112407211028,regular
9,497,240,18.55779427359491,regular
9,498,126,81.01802757158006,regular
9,499,88,91.9406150583245,trend
9,500,185,29.90455991516437,regular
9,501,58,14.209968186638388,regular
9,502,34,1.5906680805938493,regular
9,503,133,72.8525980911983,regular
9,504,204,29.16224814422057,regular
9,505,91,63.20254506892895,regular
9,506,205,33.828207847295864,regular
9,507,48,21.951219512195124,regular
9,508,78,76.67020148462355,regular
9,509,30,22.163308589607635,regular
9,510,27,1.8027571580063628,regular
9,511,20,3.8176033934252387,new
9,512,17,100.0,new
9,513,20,65.00530222693531,new
9,514,162,79.42735949098622,regular
9,515,33,23.329798515376456,regular
9,516,19,87.91092258748674,new
9,517,33,27.889713679745494,regular
9,518,61,11.028632025450689,regular
9,519,38,8.8016967126193,regular
9,520,21,44.114528101802755,new
9,521,122,53.97667020148462,regular
9,522,26,96.18239660657476,trend
9,523,88,37.11558854718982,regular
9,524,257,50.58324496288441,regular
9,525,48,17.6033934252386,regular
9,526,62,42.84199363732768,regular
9,527,121,87.69883351007424,trend
9,528,46,77.62460233297985,regular
9,529,37,1.378579003181336,regular
9,530,40,92.6829268292683,trend
9,531,27,6.044538706256628,regular
9,532,217,40.084835630965,regular
9,533,217,50.26511134676564,regular
9,534,70,5.938494167550371,regular
9,535,184,73.27677624602333,regular
9,536,145,64.15694591728526,regular
9,537,426,41.03923647932132,regular
9,538,70,90.13785790031812,trend
9,539,47,80.27571580063628,regular
9,540,53,12.83138918345705,regular
9,541,110,28.950159066808055,regular
9,542,122,59.91516436903499,regular
9,543,158,61.6118769883351,regular
9,544,26,2.2269353128313893,regular
9,545,145,28.101802757158005,regular
9,546,51,26.82926829268293,regular
9,547,20,48.46235418875928,new
9,548,126,40.29692470837752,regular
9,549,23,35.73700954400849,regular
9,550,34,10.604453870625663,regular
9,551,262,36.267232237539766,regular
9,552,67,16.96712619300106,regular
9,553,89,93.00106044538707,trend
9,554,101,49.52279957582185,regular
9,555,46,65.32343584305409,regular
9,556,35,97.87910922587487,trend
9,557,47,27.1474019088017,regular
9,558,17,69.14103923647932,new
9,559,63,69.35312831389183,regular
9,560,87,55.567338282078474,regular
9,561,317,46.34146341463415,regular
9,562,65,82.50265111346765,trend
9,563,26,17.709437963944858,regular
9,564,28,68.71686108165429,regular
9,565,27,56.733828207847296,regular
9,566,126,60.44538706256628,regular
9,567,134,84.09331919406151,trend
9,568,66,88.7592788971368,trend
9,569,61,16.118769883351007,regular
9,570,20,3.923647932131495,new
9,571,18,99.0455991516437,new
9,572,18,23.966065747614,new
9,573,42,94.90986214209968,trend
9,574,38,66.06574761399789,regular
9,575,24,99.89395546129374,trend
9,576,32,60.6574761399788,regular
9,577,159,36.691410392364794,regular
9,578,20,8.377518557794273,new
9,579,65,59.38494167550371,regular
9,580,41,12.089077412513255,regular
9,581,24,86.95652173913044,trend
9,582,56,31.283138918345703,regular
9,583,24,93.31919406150583,trend
9,584,20,83.66914103923648,new
9,585,56,48.14422057264051,regular
9,586,149,19.51219512195122,regular
9,587,86,7.423117709437964,regular
9,588,190,33.29798515376458,regular
9,589,39,5.832449628844114,regular
9,590,39,56.20360551431601,regular
9,591,70,67.55037115588547,regular
9,592,278,53.23435843054083,regular
9,593,134,49.310710498409335,regular
9,594,22,95.54612937433721,new
9,595,77,16.33085896076352,regular
9,596,18,17.391304347826086,new
9,597,33,29.374337221633084,regular
9,598,23,16.01272534464475,regular
9,599,38,3.4994697773064685,regular
9,600,79,43.37221633085896,regular
9,601,134,63.73276776246023,regular
9,602,26,11.240721102863201,regular
9,603,41,87.0625662778367,trend
9,604,25,73.17073170731707,regular
9,605,77,75.92788971367975,regular
9,606,200,50.90137857900318,regular
9,607,33,79.2152704135737,regular
9,608,128,72.42841993637327,regular
9,609,25,30.3287380699894,regular
9,610,63,93.74337221633085,trend
9,611,35,62.990455991516434,regular
9,612,25,45.59915164369035,regular
9,613,25,99.68186638388123,trend
9,614,36,6.680805938494168,regular
9,615,87,71.15588547189819,regular
9,616,36,33.19194061505832,regular
9,617,92,69.56521739130434,regular
9,618,186,58.96076352067868,regular
9,619,74,44.008483563096505,regular
9,620,96,19.724284199363733,regular
9,621,144,17.815482502651115,regular
9,622,187,45.705196182396605,regular
9,623,39,82.07847295864264,regular
9,624,124,21.73913043478261,regular
9,625,90,63.52067868504771,regular
9,626,29,10.180275715800637,regular
9,627,156,35.31283138918346,regular
9,628,23,28.31389183457052,regular
9,629,100,67.76246023329799,regular
9,630,93,41.35737009544008,regular
9,631,18,10.71049840933192,new
9,632,104,78.15482502651113,regular
9,633,52,59.597030752916226,regular
9,634,117,27.571580063626723,regular
9,635,30,11.876988335100743,regular
9,636,18,82.82078472958642,new
9,637,85,17.921527041357372,regular
9,638,59,77.20042417815482,regular
9,639,133,66.38388123011664,regular
9,640,97,53.446447507953344,regular
9,641,35,89.92576882290561,trend
9,642,266,16.436903499469775,regular
9,643,175,57.15800636267232,regular
9,644,35,23.117709437963946,regular
9,645,106,81.86638388123012,regular
9,646,32,8.271474019088016,regular
9,647,52,30.54082714740191,regular
9,648,261,28.63202545068929,regular
9,649,22,56.30965005302227,new
9,650,261,40.8271474019088,regular
9,651,19,46.65959703075291,new
9,652,20,1.9088016967126193,new
9,653,253,37.009544008483566,regular
9,654,125,54.2948038176034,regular
9,655,499,35.100742311770944,regular
9,656,21,24.920466595970307,new
9,657,27,42.417815482502654,regular
9,658,60,85.25980911983034,trend
9,659,160,66.80805938494167,regular
9,660,199,39.130434782608695,regular
9,661,100,88.54718981972428,trend
9,662,16,87.27465535524921,new
9,663,138,51.431601272534465,regular
9,664,147,72.95864262990456,regular
9,665,127,61.187698833510076,regular
9,666,206,73.80699893955462,regular
9,667,41,96.50053022269353,trend
9,668,41,29.5864262990456,regular
9,669,84,93.4252386002121,trend
9,670,41,86.74443266171792,trend
9,671,106,26.4050901378579,regular
9,672,27,19.618239660657476,regular
9,673,31,36.90349946977731,regular
9,674,35,32.7677624602333,regular
9,675,24,78.89713679745493,regular
9,676,58,86.53234358430541,trend
9,677,45,5.620360551431601,regular
9,678,25,92.47083775185578,trend
9,679,55,83.03287380699894,trend
9,680,35,82.29056203605515,trend
9,681,19,3.6055143160127257,new
9,682,329,20.360551431601273,regular
9,683,64,33.72216330858961,regular
9,684,76,41.46341463414634,regular
9,685,18,12.30116648992577,new
9,686,61,96.71261930010604,trend
9,687,19,8.907741251325557,new
9,688,20,4.453870625662779,new
9,689,31,30.965005302226935,regular
9,690,104,34.78260869565217,regular
9,691,27,94.27359490986214,trend
9,692,34,29.692470837751856,regular
9,693,134,77.30646871686108,regular
9,694,140,80.48780487804879,regular
9,695,35,8.695652173913043,regular
9,696,23,83.881230116649,trend
9,697,86,12.407211028632027,regular
9,698,114,85.47189819724285,trend
9,699,125,25.980911983032872,regular
9,700,17,99.36373276776246,new
9,701,30,95.97030752916224,trend
9,702,28,7.317073170731707,regular
9,703,41,42.62990455991517,regular
9,704,80,87.48674443266172,trend
9,705,98,48.78048780487805,regular
9,706,27,19.936373276776244,regular
9,707,195,56.09756097560976,regular
9,708,94,8.48356309650053,regular
9,709,122,41.993637327677625,regular
9,710,72,93.6373276776246,trend
9,711,191,47.82608695652174,regular
9,712,141,24.496288441145282,regular
9,713,23,79.63944856839873,regular
9,714,39,13.679745493107104,regular
9,715,146,50.37115588547189,regular
9,716,239,58.85471898197243,regular
9,717,78,10.816542948038176,regular
9,718,35,3.1813361611876987,regular
9,719,61,72.00424178154825,regular
9,720,26,86.00212089077412,trend
9,721,142,34.04029692470838,regular
9,722,38,3.711558854718982,regular
9,723,19,96.39448568398727,new
9,724,70,5.302226935312832,regular
9,725,22,12.513255567338282,new
9,726,22,6.892895015906681,new
9,727,288,22.375397667020145,regular
9,728,20,20.890774125132555,new
9,729,19,15.1643690349947,new
9,730,35,52.49204665959704,regular
9,731,74,81.12407211028632,regular
9,732,17,2.1208907741251326,new
9,733,92,25.026511134676564,regular
9,734,54,89.60763520678685,trend
9,735,45,65.21739130434783,regular
9,736,20,31.071049840933192,new
9,737,28,98.09119830328738,trend
9,738,134,65.85365853658537,regular
9,739,30,94.59172852598091,trend
9,740,17,9.862142099681867,new
9,741,91,58.21845174973489,regular
9,742,22,88.33510074231177,new
9,743,31,31.70731707317073,regular
9,744,24,98.30328738069989,trend
9,745,54,97.03075291622481,trend
9,746,59,66.2778366914104,regular
9,747,250,69.4591728525981,regular
9,748,94,89.39554612937434,trend
9,749,263,37.75185577942736,regular
9,750,27,2.545068928950159,regular
9,751,144,62.460233297985155,regular
9,752,62,22.58748674443266,regular
9,753,48,98.62142099681867,trend
9,754,30,21.633085896076352,regular
9,755,35,2.757158006362672,regular
9,756,91,44.53870625662778,regular
9,757,141,32.0254506892895,regular
9,758,312,39.34252386002121,regular
9,759,26,42.3117709437964,regular
9,760,36,56.52173913043478,regular
9,761,57,15.69459172852598,regular
9,762,18,55.991516436903495,new
9,763,117,63.83881230116649,regular
9,764,94,50.159066808059386,regular
9,765,21,89.50159066808058,new
9,766,155,68.82290562036056,regular
9,767,33,88.01696712619301,trend
9,768,55,54.82502651113468,regular
9,769,23,4.665959703075292,regular
9,770,56,20.784729586426298,regular
9,771,57,62.142099681866384,regular
9,772,28,26.193001060445386,regular
9,773,140,52.17391304347826,regular
9,774,192,38.282078472958645,regular
9,775,26,68.9289501590668,regular
9,776,87,80.06362672322376,regular
9,777,30,74.76139978791092,regular
9,778,59,57.476139978791096,regular
9,779,33,20.996818663838813,regular
9,780,48,95.65217391304348,trend
9,781,34,98.72746553552491,trend
9,782,131,9.013785790031813,regular
9,783,26,3.0752916224814424,regular
9,784,36,40.61505832449629,regular
9,785,23,97.45493107104984,trend
9,786,96,76.7762460233298,regular
9,787,45,15.588547189819725,regular
9,788,217,32.34358430540827,regular
9,789,29,81.54825026511135,regular
9,790,180,16.224814422057264,regular
9,791,22,34.88865323435843,new
9,792,39,12.61930010604454,regular
9,793,47,32.97985153764581,regular
9,794,34,83.77518557794274,trend
9,795,131,26.511134676564158,regular
9,796,308,37.857900318133616,regular
9,797,24,35.2067868504772,regular
9,798,198,16.755037115588546,regular
9,799,20,80.80593849416755,new
9,800,25,54.93107104984093,regular
9,801,23,9.650053022269352,regular
9,802,66,20.67868504772004,regular
9,803,30,1.166489925768823,regular
9,804,275,41.569459172852596,regular
9,805,244,22.481442205726403,regular
9,806,124,63.41463414634146,regular
9,807,173,46.02332979851538,regular
9,808,20,23.01166489925769,new
9,809,17,67.44432661717921,new
9,810,21,1.6967126193001063,new
9,811,18,3.2873806998939554,new
9,812,18,2.9692470837751856,new
9,813,27,3.3934252386002126,regular
9,814,32,30.646871686108167,regular
9,815,159,73.48886532343585,regular
9,816,22,2.014846235418876,new
9,817,32,6.256627783669141,regular
9,818,18,38.06998939554613,new
9,819,24,45.28101802757158,regular
9,820,19,58.32449628844114,new
9,821,55,74.23117709437965,regular
9,822,21,45.81124072110286,new
9,823,159,65.7476139978791,regular
9,824,18,0.10604453870625664,new
9,825,124,14.846235418875928,regular
9,826,100,33.404029692470836,regular
9,827,25,42.735949098621425,regular
9,828,88,39.23647932131495,regular
9,829,57,60.55143160127253,regular
9,830,90,77.83669141039236,regular
9,831,64,74.01908801696713,regular
9,832,22,7.529162248144221,new
9,833,234,43.16012725344645,regular
9,834,46,77.51855779427359,regular
9,835,89,83.45705196182396,trend
9,836,43,91.83457051961824,trend
9,837,42,11.452810180275716,regular
9,838,82,88.44114528101802,trend
9,839,46,27.995758218451748,regular
9,840,172,80.16967126193,regular
9,841,25,51.007423117709436,regular
9,842,22,85.5779427359491,new
9,843,172,55.67338282078473,regular
9,844,71,73.70095440084835,regular
9,845,21,84.72958642629904,new
9,846,349,42.09968186638388,regular
9,847,130,47.40190880169671,regular
9,848,120,76.9883351007423,regular
9,849,19,53.65853658536586,new
9,850,43,84.41145281018028,trend
9,851,173,24.284199363732768,regular
9,852,39,7.635206786850477,regular
9,853,37,4.135737009544008,regular
9,854,179,58.112407211028625,regular
9,855,19,63.0965005302227,new
9,856,23,23.860021208907742,regular
9,857,20,7.211028632025451,new
9,858,17,47.295864262990456,new
9,859,33,15.37645811240721,regular
9,860,59,31.601272534464474,regular
9,861,35,27.67762460233298,regular
9,862,145,72.53446447507953,regular
9,863,87,16.542948038176032,regular
9,864,260,33.93425238600212,regular
9,865,60,11.770943796394485,regular
9,866,18,94.3796394485684,new
9,867,82,92.15270413573701,trend
9,868,186,54.5068928950159,regular
9,869,42,48.25026511134676,regular
9,870,238,65.11134676564157,regular
9,871,97,64.47507953340403,regular
9,872,60,7.104984093319194,regular
9,873,18,7.953340402969247,new
9,874,30,83.24496288441145,trend
9,875,76,89.18345705196182,trend
9,876,18,86.85047720042418,new
9,877,65,36.79745493107105,regular
9,878,111,75.60975609756098,regular
9,879,24,71.04984093319194,regular
9,880,310,22.057264050901377,regular
9,881,215,37.96394485683987,regular
9,882,113,65.5355249204666,regular
9,883,226,57.37009544008483,regular
9,884,36,76.13997879109226,regular
9,885,87,49.840933191940614,regular
9,886,195,49.41675503711559,regular
9,887,131,32.44962884411453,regular
9,888,17,58.64262990455992,new
9,889,284,46.447507953340406,regular
9,890,105,87.59278897136798,trend
9,891,43,38.812301166489924,regular
9,892,189,59.06680805938495,regular
9,893,53,17.17921527041357,regular
9,894,197,38.70625662778367,regular
9,895,18,64.68716861081654,new
9,896,315,37.32767762460234,regular
9,897,164,48.67444326617179,regular
9,898,26,57.26405090137858,regular
9,899,116,73.91304347826086,regular
9,900,39,61.93001060445387,regular
9,901,104,35.52492046659597,regular
9,902,43,82.92682926829268,trend
9,903,119,71.79215270413573,regular
9,904,43,22.799575821845174,regular
9,905,34,19.406150583244962,regular
9,906,36,25.556733828207847,regular
9,907,123,37.53976670201485,regular
9,908,59,96.92470837751856,trend
9,909,24,18.345705196182397,regular
9,910,48,75.82184517497349,regular
9,911,87,85.79003181336161,trend
9,912,48,92.04665959703075,trend
9,913,111,90.03181336161188,trend
9,914,18,39.660657476139974,new
9,915,23,60.127253446447504,regular
9,916,278,35.949098621421,regular
9,917,30,31.495227995758217,regular
9,918,84,57.68822905620361,regular
9,919,189,35.418875927889715,regular
9,920,22,53.552492046659594,new
9,921,89,41.145281018027575,regular
9,922,109,28.419936373276776,regular
9,923,66,13.785790031813361,regular
9,924,70,91.41039236479321,trend
9,925,25,8.059384941675503,regular
9,926,17,73.5949098621421,new
9,927,103,12.937433722163307,regular
9,928,25,85.89607635206788,trend
9,929,44,98.93955461293743,trend
9,930,56,43.584305408271476,regular
9,931,54,71.26193001060446,regular
9,932,184,70.30752916224814,regular
9,933,165,48.568398727465535,regular
9,934,149,59.490986214209975,regular
9,935,34,25.768822905620357,regular
9,936,116,17.28525980911983,regular
9,937,31,76.033934252386,regular
9,938,98,10.392364793213149,regular
9,939,41,10.286320254506894,regular
9,940,92,83.98727465535525,trend
9,941,18,62.77836691410392,new
9,942,71,88.65323435843054,trend
9,943,151,31.38918345705196,regular
